timestamp,action,reward,battery_soc,diesel_power,battery_power,grid_power,load_shedding,renewable_curtailment,fuel_level,power_balance_error,total_generation,total_consumption,renewable_generation,load_demand,has_line_violation,line_violations
2019-01-01 00:00:00,"[1, 0]",-0.04230191749999999,0.5,0.0,0.0,1.6920766999999994,0.0,0.0,100.0,0.0,7.104076699999999,7.104076699999999,5.412,7.104076699999999,False,{}
2019-01-01 00:15:00,"[1, 0]",-0.03112323250000002,0.5,0.0,0.0,1.2449293000000008,0.0,0.0,100.0,0.0,6.656929300000001,6.656929300000001,5.412,6.656929300000001,False,{}
2019-01-01 00:30:00,"[0, 0]",-0.02810269750000001,0.5,0.0,0.0,1.1241079000000003,0.0,0.0,100.0,0.0,6.5361079,6.5361079,5.412,6.5361079,False,{}
2019-01-01 00:45:00,"[1, 0]",-0.0390265825,0.5,0.0,0.0,1.5610632999999998,0.0,0.0,100.0,0.0,6.9730633,6.9730633,5.412,6.9730633,False,{}
2019-01-01 01:00:00,"[1, 0]",-0.0,0.5004454928575,0.0,-0.9378796999999981,0.0,0.0,0.0,100.0,0.0,6.022120300000001,6.022120300000001,6.959999999999999,6.022120300000001,False,{}
2019-01-01 01:15:00,"[0, 0]",0.015475212999999955,0.5004454928575,0.0,0.0,-0.4761603999999986,0.0,0.0,100.0,0.0,6.4838396000000005,6.4838396000000005,6.959999999999999,6.4838396000000005,False,{}
2019-01-01 01:30:00,"[0, 0]",0.0030384932499999628,0.5004454928575,0.0,0.0,-0.09349209999999886,0.0,0.0,100.0,0.0,6.8665079,6.8665079,6.959999999999999,6.8665079,False,{}
2019-01-01 01:45:00,"[-1, 0]",-0.0,0.5000564631206579,0.0,0.7391565,0.0,0.0,0.0,100.0,0.0,7.699156499999999,7.699156499999999,6.959999999999999,7.699156499999999,False,{}
2019-01-01 02:00:00,"[0, 0]",-0.11892969999999999,0.5000564631206579,0.0,0.0,4.757187999999999,0.0,0.0,100.0,0.0,12.641188,12.641188,7.884,12.641188,False,{}
2019-01-01 02:15:00,"[1, -1]",-0.20767298625,0.5000564631206579,5.5379463,0.0,0.0,0.0,0.0,95.38504475,0.0,13.4219463,13.4219463,7.884,13.4219463,False,{}
2019-01-01 02:30:00,"[-1, -1]",-0.0,0.49911182643644736,0.0,1.7948097,0.0,0.0,0.0,95.38504475,0.0,9.6788097,9.6788097,7.884,9.6788097,False,{}
2019-01-01 02:45:00,"[-1, 1]",0.12698244975,0.49911182643644736,0.0,0.0,-3.9071523,0.0,0.0,95.38504475,0.0,3.9768477000000004,3.9768477000000004,7.884,3.9768477000000004,False,{}
2019-01-01 03:00:00,"[0, 0]",0.14687028849999997,0.49911182643644736,0.0,0.0,-4.519085799999999,0.0,0.0,95.38504475,-4.440892098500626e-16,3.8929142,3.8929142000000003,8.411999999999999,3.8929142000000003,False,{}
2019-01-01 03:15:00,"[0, 0]",0.06548746424999997,0.49911182643644736,0.0,0.0,-2.0149988999999993,0.0,0.0,95.38504475,0.0,6.3970011,6.3970011,8.411999999999999,6.3970011,False,{}
2019-01-01 03:30:00,"[1, 0]",-0.0,0.5012542605464474,0.0,-4.510387599999999,0.0,0.0,0.0,95.38504475,0.0,3.9016124000000003,3.9016124000000003,8.411999999999999,3.9016124000000003,False,{}
2019-01-01 03:45:00,"[1, 0]",-0.0,0.5031659958489474,0.0,-4.024705899999999,0.0,0.0,0.0,95.38504475,0.0,4.3872941,4.3872941,8.411999999999999,4.3872941,False,{}
2019-01-01 04:00:00,"[1, 0]",-0.0,0.5052467454139474,0.0,-4.380525399999999,0.0,0.0,0.0,95.38504475,0.0,4.7394746,4.7394746,9.12,4.7394746,False,{}
2019-01-01 04:15:00,"[0, 0]",0.13140644399999998,0.5052467454139474,0.0,0.0,-4.043275199999999,0.0,0.0,95.38504475,0.0,5.0767248,5.0767248,9.12,5.0767248,False,{}
2019-01-01 04:30:00,"[1, 0]",-0.0,0.5076392715839474,0.0,-5.0368971999999985,0.0,0.0,0.0,95.38504475,0.0,4.083102800000001,4.083102800000001,9.12,4.083102800000001,False,{}
2019-01-01 04:45:00,"[1, 0]",-0.0,0.5096849074864473,0.0,-4.306601900000001,0.0,0.0,0.0,95.38504475,0.0,4.813398099999998,4.813398099999998,9.12,4.813398099999998,False,{}
2019-01-01 05:00:00,"[-1, 0]",0.18300766249999997,0.5096849074864473,0.0,0.0,-5.631004999999999,0.0,0.0,95.38504475,0.0,3.8729950000000004,3.8729950000000004,9.504,3.8729950000000004,False,{}
2019-01-01 05:15:00,"[0, 0]",0.18118145175,0.5096849074864473,0.0,0.0,-5.5748139,0.0,0.0,95.38504475,0.0,3.9291861,3.9291861,9.504,3.9291861,False,{}
2019-01-01 05:30:00,"[-1, 0]",0.16147710799999998,0.5096849074864473,0.0,0.0,-4.968526399999999,0.0,0.0,95.38504475,0.0,4.5354736,4.5354736,9.504,4.5354736,False,{}
2019-01-01 05:45:00,"[0, 0]",0.18021450849999998,0.5096849074864473,0.0,0.0,-5.545061799999999,0.0,0.0,95.38504475,0.0,3.9589382000000004,3.9589382000000004,9.504,3.9589382000000004,False,{}
2019-01-01 06:00:00,"[-1, 0]",0.18464634824999998,0.5096849074864473,0.0,0.0,-5.6814260999999995,0.0,0.0,95.38504475,0.0,4.0625739,4.0625739,9.744,4.0625739,False,{}
2019-01-01 06:15:00,"[-1, 0]",0.1730440075,0.5096849074864473,0.0,0.0,-5.324431000000001,0.0,0.0,95.38504475,0.0,4.419568999999999,4.419568999999999,9.744,4.419568999999999,False,{}
2019-01-01 06:30:00,"[-1, 0]",0.19532774625,0.5096849074864473,0.0,0.0,-6.0100845,0.0,0.0,95.38504475,4.440892098500626e-16,3.7339155,3.7339154999999997,9.744,3.7339154999999997,False,{}
2019-01-01 06:45:00,"[-1, 0]",0.19374157074999998,0.5096849074864473,0.0,0.0,-5.9612791,0.0,0.0,95.38504475,0.0,3.7827209,3.7827209,9.744,3.7827209,False,{}
2019-01-01 07:00:00,"[-1, 0]",0.19829621825000002,0.5096849074864473,0.0,0.0,-6.101422100000001,0.0,0.0,95.38504475,-4.440892098500626e-16,3.870577899999999,3.8705778999999993,9.972,3.8705778999999993,False,{}
2019-01-01 07:15:00,"[-1, 0]",0.17604821975,0.5096849074864473,0.0,0.0,-5.4168683,0.0,0.0,95.38504475,0.0,4.5551317,4.5551317,9.972,4.5551317,False,{}
2019-01-01 07:30:00,"[-1, 0]",0.1825277155,0.5096849074864473,0.0,0.0,-5.616237399999999,0.0,0.0,95.38504475,0.0,4.3557626,4.3557626,9.972,4.3557626,False,{}
2019-01-01 07:45:00,"[-1, -1]",0.204216519,0.5096849074864473,0.0,0.0,-6.2835852,0.0,0.0,95.38504475,0.0,3.6884147999999994,3.6884147999999994,9.972,3.6884147999999994,False,{}
2019-01-01 08:00:00,"[-1, 0]",0.21849105849999997,0.5096849074864473,0.0,0.0,-6.722801799999999,0.0,0.0,95.38504475,4.440892098500626e-16,3.4771982,3.4771981999999997,10.2,3.4771981999999997,False,{}
2019-01-01 08:15:00,"[-1, 0]",0.17159131925,0.5096849074864473,0.0,0.0,-5.2797329,0.0,0.0,95.38504475,0.0,4.920267099999999,4.920267099999999,10.2,4.920267099999999,False,{}
2019-01-01 08:30:00,"[-1, 0]",0.194153063,0.5096849074864473,0.0,0.0,-5.973940399999999,0.0,0.0,95.38504475,0.0,4.2260596,4.2260596,10.2,4.2260596,False,{}
2019-01-01 08:45:00,"[-1, 0]",0.21610417399999998,0.5096849074864473,0.0,0.0,-6.649359199999999,0.0,0.0,95.38504475,0.0,3.5506408,3.5506408,10.2,3.5506408,False,{}
2019-01-01 09:00:00,"[-1, 0]",0.2020269875,0.5096849074864473,0.0,0.0,-6.216215,0.0,0.0,95.38504475,4.440892098500626e-16,3.711785000000001,3.7117850000000003,9.928,3.7117850000000003,False,{}
2019-01-01 09:15:00,"[0, 0]",0.197707445,0.5096849074864473,0.0,0.0,-6.083306,0.0,0.0,95.38504475,-4.440892098500626e-16,3.8446940000000005,3.844694000000001,9.928,3.844694000000001,False,{}
2019-01-01 09:30:00,"[-1, 0]",0.19220221800000004,0.5096849074864473,0.0,0.0,-5.913914400000001,0.0,0.0,95.38504475,0.0,4.0140856,4.0140856,9.928,4.0140856,False,{}
2019-01-01 09:45:00,"[1, 0]",-0.0,0.5124670816664474,0.0,-5.8572088,0.0,0.0,0.0,95.38504475,0.0,4.0707912,4.0707912,9.928,4.0707912,False,{}
2019-01-01 10:00:00,"[-1, 0]",0.04575880075,0.5124670816664474,0.0,0.0,-1.4079631,0.0,0.0,95.38504475,0.0,8.7960369,8.7960369,10.204,8.7960369,False,{}
2019-01-01 10:15:00,"[-1, 0]",0.12925182400000002,0.5124670816664474,0.0,0.0,-3.9769792000000006,0.0,0.0,95.38504475,0.0,6.2270208,6.2270208,10.204,6.2270208,False,{}
2019-01-01 10:30:00,"[-1, 0]",0.17636436675000003,0.5124670816664474,0.0,0.0,-5.426595900000001,0.0,0.0,95.38504475,0.0,4.7774041,4.7774041,10.204,4.7774041,False,{}
2019-01-01 10:45:00,"[-1, 0]",-0.0,0.5102463776664474,0.0,4.219337599999996,0.0,0.0,0.0,95.38504475,0.0,14.423337599999996,14.423337599999996,10.204,14.423337599999996,False,{}
2019-01-01 11:00:00,"[-1, 0]",-0.0,0.5090580919296053,0.0,2.2577429,0.0,0.0,0.0,95.38504475,0.0,13.6537429,13.6537429,11.395999999999999,13.6537429,False,{}
2019-01-01 11:15:00,"[-1, 0]",0.15903189574999996,0.5090580919296053,0.0,0.0,-4.893289099999999,0.0,0.0,95.38504475,0.0,6.5027109,6.5027109,11.395999999999999,6.5027109,False,{}
2019-01-01 11:30:00,"[-1, 1]",0.19461776424999996,0.5090580919296053,0.0,0.0,-5.988238899999999,0.0,0.0,95.38504475,0.0,5.4077611,5.4077611,11.395999999999999,5.4077611,False,{}
2019-01-01 11:45:00,"[-1, 0]",0.23025118024999996,0.5090580919296053,0.0,0.0,-7.084651699999998,0.0,0.0,95.38504475,0.0,4.311348300000001,4.311348300000001,11.395999999999999,4.311348300000001,False,{}
2019-01-01 12:00:00,"[0, 0]",0.27972934275,0.5090580919296053,0.0,0.0,-8.6070567,0.0,0.0,95.38504475,0.0,4.5289433,4.5289433,13.136,4.5289433,False,{}
2019-01-01 12:15:00,"[-1, 0]",0.2939054365,0.5090580919296053,0.0,0.0,-9.0432442,0.0,0.0,95.38504475,-8.881784197001252e-16,4.092755799999999,4.0927558,13.136,4.0927558,False,{}
2019-01-01 12:30:00,"[-1, -1]",0.22944895349999997,0.5090580919296053,0.0,0.0,-7.059967799999999,0.0,0.0,95.38504475,0.0,6.0760322,6.0760322,13.136,6.0760322,False,{}
2019-01-01 12:45:00,"[-1, 0]",0.10316409024999994,0.5090580919296053,0.0,0.0,-3.174279699999998,0.0,0.0,95.38504475,0.0,9.961720300000001,9.961720300000001,13.136,9.961720300000001,False,{}
2019-01-01 13:00:00,"[-1, 0]",0.24942529625000004,0.5090580919296053,0.0,0.0,-7.674624500000001,0.0,0.0,95.38504475,0.0,4.8173755,4.8173755,12.492,4.8173755,False,{}
2019-01-01 13:15:00,"[-1, 0]",0.25390297400000006,0.5090580919296053,0.0,0.0,-7.8123992000000015,0.0,0.0,95.38504475,0.0,4.679600799999999,4.679600799999999,12.492,4.679600799999999,False,{}
2019-01-01 13:30:00,"[-1, 0]",0.23335478725000003,0.5090580919296053,0.0,0.0,-7.180147300000001,0.0,0.0,95.38504475,0.0,5.3118527,5.3118527,12.492,5.3118527,False,{}
2019-01-01 13:45:00,"[-1, 0]",0.05588206,0.5090580919296053,0.0,0.0,-1.7194479999999999,0.0,0.0,95.38504475,0.0,10.772552000000001,10.772552000000001,12.492,10.772552000000001,False,{}
2019-01-01 14:00:00,"[-1, 0]",0.0445471195,0.5090580919296053,0.0,0.0,-1.3706806,0.0,0.0,95.38504475,0.0,9.201319400000001,9.201319400000001,10.572000000000001,9.201319400000001,False,{}
2019-01-01 14:15:00,"[-1, 0]",0.20337003375000004,0.5090580919296053,0.0,0.0,-6.257539500000001,0.0,0.0,95.38504475,0.0,4.3144605,4.3144605,10.572000000000001,4.3144605,False,{}
2019-01-01 14:30:00,"[-1, 0]",0.19764536025,0.5090580919296053,0.0,0.0,-6.0813957,0.0,0.0,95.38504475,0.0,4.490604300000001,4.490604300000001,10.572000000000001,4.490604300000001,False,{}
2019-01-01 14:45:00,"[-1, 0]",0.11674265200000004,0.5090580919296053,0.0,0.0,-3.592081600000001,0.0,0.0,95.38504475,0.0,6.9799184,6.9799184,10.572000000000001,6.9799184,False,{}
2019-01-01 15:00:00,"[-1, 0]",-0.0,0.5083985216664474,0.0,1.2531835000000022,0.0,0.0,0.0,95.38504475,0.0,11.597183500000002,11.597183500000002,10.344,11.597183500000002,False,{}
2019-01-01 15:15:00,"[-1, 0]",-0.0,0.5061500600875001,0.0,4.2720769999999995,0.0,0.0,0.0,95.38504475,0.0,14.616076999999999,14.616076999999999,10.344,14.616076999999999,False,{}
2019-01-01 15:30:00,"[-1, 0]",-0.0,0.5054736662453948,0.0,1.2851483000000012,0.0,0.0,0.0,95.38504475,0.0,11.6291483,11.6291483,10.344,11.6291483,False,{}
2019-01-01 15:45:00,"[-1, 0]",0.07214804999999998,0.5054736662453948,0.0,0.0,-2.2199399999999994,0.0,0.0,95.38504475,0.0,8.12406,8.12406,10.344,8.12406,False,{}
2019-01-01 16:00:00,"[-1, 0]",0.19239493,0.5054736662453948,0.0,0.0,-5.919843999999999,0.0,0.0,95.38504475,0.0,4.580156000000001,4.580156000000001,10.5,4.580156000000001,False,{}
2019-01-01 16:15:00,"[-1, 0]",0.16194698975000002,0.5054736662453948,0.0,0.0,-4.9829843,0.0,0.0,95.38504475,0.0,5.5170157,5.5170157,10.5,5.5170157,False,{}
2019-01-01 16:30:00,"[-1, 0]",0.09588012525,0.5054736662453948,0.0,0.0,-2.9501577,0.0,0.0,95.38504475,0.0,7.5498423,7.5498423,10.5,7.5498423,False,{}
2019-01-01 16:45:00,"[-1, 0]",0.126230286,0.5054736662453948,0.0,0.0,-3.8840088,0.0,0.0,95.38504475,0.0,6.6159912,6.6159912,10.5,6.6159912,False,{}
2019-01-01 17:00:00,"[-1, 0]",0.093632812,0.5054736662453948,0.0,0.0,-2.8810095999999996,0.0,0.0,95.38504475,0.0,7.7869904,7.7869904,10.668,7.7869904,False,{}
2019-01-01 17:15:00,"[-1, 0]",0.11236277324999998,0.5054736662453948,0.0,0.0,-3.457316099999999,0.0,0.0,95.38504475,0.0,7.2106839,7.2106839,10.668,7.2106839,False,{}
2019-01-01 17:30:00,"[-1, 0]",0.07353295949999998,0.5054736662453948,0.0,0.0,-2.2625525999999994,0.0,0.0,95.38504475,0.0,8.4054474,8.4054474,10.668,8.4054474,False,{}
2019-01-01 17:45:00,"[-1, 0]",0.12503534224999996,0.5054736662453948,0.0,0.0,-3.8472412999999985,0.0,0.0,95.38504475,0.0,6.820758700000001,6.820758700000001,10.668,6.820758700000001,False,{}
2019-01-01 18:00:00,"[-1, 0]",0.10147229300000002,0.5054736662453948,0.0,0.0,-3.1222244000000003,0.0,0.0,95.38504475,0.0,7.6657756,7.6657756,10.788,7.6657756,False,{}
2019-01-01 18:15:00,"[-1, 0]",0.07552657775000002,0.5054736662453948,0.0,0.0,-2.3238947000000003,0.0,0.0,95.38504475,0.0,8.4641053,8.4641053,10.788,8.4641053,False,{}
2019-01-01 18:30:00,"[-1, 0]",-0.0,0.5020055216138158,0.0,6.589474799999998,0.0,0.0,0.0,95.38504475,0.0,17.377474799999998,17.377474799999998,10.788,17.377474799999998,False,{}
2019-01-01 18:45:00,"[-1, 0]",-0.0,0.4982599562980264,0.0,7.116574100000001,0.0,0.0,0.0,95.38504475,0.0,17.9045741,17.9045741,10.788,17.9045741,False,{}
2019-01-01 19:00:00,"[-1, 0]",-0.0,0.498104332719079,0.0,0.2956848000000001,0.0,0.0,0.0,95.38504475,0.0,11.1196848,11.1196848,10.824,11.1196848,False,{}
2019-01-01 19:15:00,"[-1, 0]",-0.0,0.49697989477171056,0.0,2.1364321000000004,0.0,0.0,0.0,95.38504475,0.0,12.9604321,12.9604321,10.824,12.9604321,False,{}
2019-01-01 19:30:00,"[-1, 0]",0.009534073249999957,0.49697989477171056,0.0,0.0,-0.2933560999999987,0.0,0.0,95.38504475,0.0,10.530643900000001,10.530643900000001,10.824,10.530643900000001,False,{}
2019-01-01 19:45:00,"[-1, 0]",0.07117815575000003,0.49697989477171056,0.0,0.0,-2.190097100000001,0.0,0.0,95.38504475,0.0,8.633902899999999,8.633902899999999,10.824,8.633902899999999,False,{}
2019-01-01 20:00:00,"[-1, 0]",-0.0,0.49566246429802635,0.0,2.5031178999999995,0.0,0.0,0.0,95.38504475,0.0,13.315117899999999,13.315117899999999,10.812,13.315117899999999,False,{}
2019-01-01 20:15:00,"[-1, 0]",-0.0,0.4953163711401316,0.0,0.6575770000000016,0.0,0.0,0.0,95.38504475,0.0,11.469577000000001,11.469577000000001,10.812,11.469577000000001,False,{}
2019-01-01 20:30:00,"[-1, 0]",-0.0,0.49497975671907896,0.0,0.6395674000000007,0.0,0.0,0.0,95.38504475,0.0,11.4515674,11.4515674,10.812,11.4515674,False,{}
2019-01-01 20:45:00,"[-1, 0]",-0.0,0.49349015866644735,0.0,2.830236300000001,0.0,0.0,0.0,95.38504475,0.0,13.6422363,13.6422363,10.812,13.6422363,False,{}
2019-01-01 21:00:00,"[-1, 0]",-0.0,0.4928030604032895,0.0,1.3054866999999994,0.0,0.0,0.0,95.38504475,0.0,12.0574867,12.0574867,10.752,12.0574867,False,{}
2019-01-01 21:15:00,"[-1, 0]",0.10812761050000003,0.4928030604032895,0.0,0.0,-3.3270034000000006,0.0,0.0,95.38504475,0.0,7.4249966,7.4249966,10.752,7.4249966,False,{}
2019-01-01 21:30:00,"[-1, 0]",0.09659063050000005,0.4928030604032895,0.0,0.0,-2.9720194000000015,0.0,0.0,95.38504475,0.0,7.779980599999999,7.779980599999999,10.752,7.779980599999999,False,{}
2019-01-01 21:45:00,"[-1, 0]",0.08731534175000004,0.4928030604032895,0.0,0.0,-2.686625900000001,0.0,0.0,95.38504475,0.0,8.0653741,8.0653741,10.752,8.0653741,False,{}
2019-01-01 22:00:00,"[-1, 0]",0.09442847375000003,0.4928030604032895,0.0,0.0,-2.905491500000001,0.0,0.0,95.38504475,0.0,7.7505085,7.7505085,10.656,7.7505085,False,{}
2019-01-01 22:15:00,"[-1, 0]",0.08699841475000002,0.4928030604032895,0.0,0.0,-2.6768743000000006,0.0,0.0,95.38504475,0.0,7.9791257,7.9791257,10.656,7.9791257,False,{}
2019-01-01 22:30:00,"[-1, 0]",0.10539197174999998,0.4928030604032895,0.0,0.0,-3.2428298999999994,0.0,0.0,95.38504475,0.0,7.413170100000001,7.413170100000001,10.656,7.413170100000001,False,{}
2019-01-01 22:45:00,"[-1, 0]",0.14083981600000003,0.4928030604032895,0.0,0.0,-4.333532800000001,0.0,0.0,95.38504475,0.0,6.322467199999999,6.322467199999999,10.656,6.322467199999999,False,{}
2019-01-01 23:00:00,"[-1, 0]",0.16627781625,0.4928030604032895,0.0,0.0,-5.116240499999999,0.0,0.0,95.38504475,0.0,5.5517595,5.5517595,10.668,5.5517595,False,{}
2019-01-01 23:15:00,"[0, 0]",0.159578328,0.4928030604032895,0.0,0.0,-4.9101023999999995,0.0,0.0,95.38504475,0.0,5.7578976,5.7578976,10.668,5.7578976,False,{}
2019-01-01 23:30:00,"[-1, 0]",0.16918949774999997,0.4928030604032895,0.0,0.0,-5.205830699999999,0.0,0.0,95.38504475,0.0,5.4621693,5.4621693,10.668,5.4621693,False,{}
