Step,Bus_1,Bus_2,Bus_3,Bus_4,Bus_5,Bus_6,Bus_7,Bus_8,Bus_9,Bus_10,Bus_11,Bus_12,Bus_13,Bus_14,Bus_15,Bus_16,Bus_17,Bus_18,Bus_19,Bus_20,Bus_21,Bus_22,Bus_23,Bus_24,Bus_25,Bus_26,Bus_27,Bus_28,Bus_29,Bus_30,Bus_31,Bus_32,Bus_33
0,1.05,1.0482420052971397,1.0399206550623843,1.0355388419437435,1.0312129170492705,1.0204565138646968,1.0184270818709154,1.0156191466608988,1.0119836096039374,1.0086170620246844,1.008120193693608,1.007255433555049,1.0037398096293348,1.002440060760909,1.001640542128811,1.0008728665160467,0.9997527646917067,0.9994301965955318,1.0479208438555025,1.045747090182244,1.0453190700042725,1.0449318487919195,1.0377618025146442,1.0337467141129533,1.0317468761907804,1.0193267157661017,1.0178264697946653,1.0111309750147512,1.0063231215800361,1.004245155570025,1.0018272208232744,1.0012977382118462,1.0011400160633694
1,1.05,1.048268344900903,1.0400721806836217,1.035756923810405,1.0314968243160416,1.0209041037440725,1.0188970803486324,1.016115440999103,1.012483503537274,1.0091159941731505,1.0086178827963275,1.007749537884974,1.0042128676805542,1.0029016321377562,1.0020836772015647,1.0012906865834772,1.0001136404400988,0.9997593593330253,1.047951845049307,1.0458096597438846,1.0453878562276602,1.0450062599205117,1.0379450546900446,1.0339889991416824,1.0320185898973595,1.0197965610364212,1.0183262545161755,1.0117619946457586,1.0070495732225262,1.0050159933844722,1.0026626902231035,1.0021505029881816,1.0020062251705961
2,1.05,1.0482975234347334,1.040243668789534,1.0360109133854651,1.031833666676729,1.0214442896513145,1.0194931221773178,1.0168060598027415,1.0133081087679061,1.0100718626778171,1.0095949499129664,1.0087658681540055,1.0053996973205104,1.0041576536906205,1.0034010929631316,1.0026796560532323,1.00164014011228,1.0013508062123533,1.0479851061662655,1.0458705677825224,1.0454542086720946,1.0450775385047504,1.0381443859120292,1.0342401367860885,1.0322955531672298,1.020348079159871,1.0188925605813124,1.0123960627477555,1.0077314562610118,1.0057162590342013,1.003374885746954,1.0028630033989872,1.0027127245650291
3,1.05,1.0483147083373643,1.0403410498421934,1.0361577517517275,1.032029410474689,1.0217617393797582,1.0198256581985616,1.0171546036019343,1.0136966498319118,1.0104973894648421,1.0100259172038466,1.0092062840360234,1.0058784588749081,1.0046505345887835,1.003902466568795,1.0031890540994177,1.0021609053817944,1.0018745797140647,1.0480057729337555,1.0459148131472042,1.045503097268967,1.045130628318387,1.0382530123477183,1.034367381590733,1.032419529838839,1.020683103473876,1.0192512821657191,1.0128582970798525,1.0082691396204317,1.0062895028958474,1.0040017126550584,1.003504520875341,1.0033664215375981
4,1.05,1.048350269316038,1.0405571012234294,1.0365037123303678,1.032508471733214,1.0225612560767021,1.020711597866615,1.0182017233342149,1.0148213127156793,1.0116973551281354,1.0112378842289826,1.0104402895330578,1.007207343034217,1.006017484379964,1.00530197585671,1.0046259464051923,1.0036684245728762,1.0034147422653739,1.048044209324371,1.0459727211518923,1.045564839727043,1.0451958401975197,1.038472869680584,1.0345913566608607,1.032629422410179,1.0215019035949535,1.0200962909463114,1.013816453570896,1.0093104308100724,1.007371724129485,1.0051522379023816,1.00467502004618,1.004556110555562
5,1.05,1.0483615260919268,1.0406210127399607,1.0365721177319354,1.0325798871666403,1.0226434059621459,1.020794696669708,1.0182777895762103,1.014905255374186,1.0117870957857187,1.0113280962181754,1.0105308266233324,1.007296954079165,1.0061054626963781,1.0053849845287008,1.004701528217681,1.0037261938793358,1.0034620402786603,1.048057710356881,1.0460014196146998,1.0455965309418371,1.0452302392530455,1.0385803834769576,1.034785266425119,1.0328950834649575,1.021585442926882,1.020181200870588,1.0139105831429214,1.0094096716761076,1.007469135761983,1.0052308051608585,1.004745395137543,1.0046133139679336
6,1.05,1.048372392630981,1.0406845742961992,1.0366656821488172,1.0327034902107572,1.022840940250323,1.0210026731440665,1.0184999253377058,1.015166884282119,1.0120870280915022,1.0116341216128453,1.0108480268157725,1.0076621995618844,1.006489951133352,1.0057858412466953,1.005121134263611,1.004181125799802,1.00393324304963,1.0480701875679266,1.0460248037435271,1.0456220629110455,1.045257714584003,1.0386549108026164,1.0348801965555416,1.03300018377332,1.0217930118384242,1.0204023957885067,1.0141906790485054,1.0097330057473852,1.0078136571359262,1.0056103195442911,1.0051350809735098,1.0050126505410857
7,1.05,1.048373350525932,1.0406874050547616,1.0366644719920606,1.0326973575659952,1.0228247075000094,1.0209762108393243,1.0184490531685106,1.015120243375489,1.01204375404737,1.011591202672366,1.0108055433030776,1.0076206581372864,1.0064482821637943,1.005742631051594,1.005075464737634,1.0041292944893194,1.0038776666365812,1.0480721129873396,1.0460332808724593,1.0456318302312426,1.0452686492650631,1.0386642691424284,1.0349016999490874,1.0330277410113418,1.021780504343743,1.020394859654022,1.014205188091943,1.0097634182369513,1.0078511316282488,1.0056567890769208,1.0051837073745813,1.005062413071275
8,1.05,1.0483642205106556,1.0406283809324615,1.0365666851666624,1.032558984148612,1.0225906251571422,1.020715169202703,1.0181325192251658,1.014827429879034,1.0117746875004179,1.011326095477009,1.0105479147643899,1.0073961171470953,1.0062375013350982,1.0055449981092912,1.0048935913829413,1.0039786532463555,1.0037423248164625,1.048063303212957,1.0460266396342581,1.0456256160300519,1.0452628214448916,1.0386073060054932,1.0348485713296185,1.0329765236573807,1.0215412020407395,1.0201481850449947,1.0139284590189168,1.0094637151898946,1.0075377862382497,1.0053122049150285,1.0048285492048183,1.0046942513623631
9,1.05,1.0483678569843915,1.0406525422475943,1.0366078585163865,1.0326181039430709,1.0226918864096177,1.0208285813749869,1.0182712006205727,1.015007828056951,1.0119975015832827,1.0115561365418548,1.010791783036966,1.0077018963975786,1.0065694158106393,1.0059029484638478,1.005283207969647,1.0044319891009508,1.004227419040331,1.0480666178601064,1.0460277750021332,1.0456263222451052,1.0452631393642846,1.0386293377104792,1.034866640781538,1.032992618121384,1.021644722791975,1.0202549434008696,1.0140481310019813,1.0095934104001678,1.0076738151335842,1.0054638872022108,1.004985672332771,1.004858308518961
10,1.05,1.0483688288582342,1.0406619580082273,1.036628955748556,1.0326520766317164,1.0227547995016122,1.0209074456354224,1.0183860333777595,1.0151076869219282,1.0120831219529394,1.0116395613341447,1.0108712643559132,1.007764783512205,1.0066258515212814,1.0059544480613625,1.0053293204739548,1.0044685402701918,1.0042599151689968,1.048066622763191,1.0460212319470135,1.0456184897375262,1.045254140164402,1.0386322498511733,1.0348574524688414,1.0329773982132908,1.0217046639240006,1.0203109643078054,1.0140864701415093,1.0096191397586114,1.0076943333893547,1.0054793324518183,1.0050002491651633,1.0048732669037836
11,1.05,1.0483845103621432,1.0407668729667525,1.0368089761429764,1.032911463919295,1.0231996548944702,1.0214239756144246,1.0190533051234059,1.015704810957714,1.0126107170200502,1.0121557290816106,1.011366036368945,1.0081656872416014,1.006988135791495,1.006280970672204,1.0056134689387954,1.0046697472989203,1.0044210755084737,1.0480807013183653,1.0460244559102203,1.0456195761657496,1.0452532925564706,1.038726533299912,1.0349319552974565,1.033042041254055,1.0221480447258764,1.0207526546138057,1.0145188649021202,1.0100457108981409,1.0081206659042041,1.0059148179714206,1.0054400328430595,1.0053203855934003
12,1.05,1.0483781691922174,1.0407341567456516,1.0367693034700067,1.0328662101439976,1.0231375708084471,1.0213784489298074,1.019049738965734,1.0157296979679633,1.012666487529369,1.0122172180081426,1.0114389758646565,1.0082920024098667,1.0071380804848886,1.0064574087386693,1.005823351074784,1.004949460006064,1.0047369999509674,1.0480721173831944,1.0460006846496064,1.045592814143295,1.0452238244942444,1.0386786413076885,1.0348558273463255,1.0329518384731584,1.022072682101524,1.0206592746499428,1.0143475152551509,1.009817168434685,1.0078642115627081,1.005612678418073,1.0051246849409756,1.004992646760841
13,1.05,1.0483495339393005,1.0405620552036343,1.0365192648170165,1.0325371748226635,1.022616592305617,1.0208042012651324,1.0183800839514505,1.015054050721436,1.0119877117853258,1.0115386023263044,1.0107614397886087,1.0076224907301228,1.0064736208636043,1.0058024667932453,1.005181839745481,1.004338820038724,1.0041438843839734,1.0480406088462442,1.0459497189165579,1.0455380167964834,1.0451655602960772,1.0384710548325864,1.0345792782738816,1.0326249152923652,1.0215413780044147,1.0201142810118389,1.0137412253026024,1.0091669469942002,1.0071952510193865,1.004922947849339,1.0044306639712008,1.0042980291945398
14,1.05,1.0483460646635103,1.040551714198013,1.0365262892419793,1.032564851486557,1.0226876367006577,1.0209033113051527,1.0185493996255723,1.0152076013648494,1.012128600708187,1.0116781210157741,1.0108992153060055,1.0077560867915547,1.0066073429405955,1.0059414064972423,1.005329231178495,1.0045075847312663,1.0043257286251857,1.0480336619290611,1.0459192220190683,1.045502882302915,1.045126229686115,1.0384334423960653,1.0344902181433644,1.0325063675666193,1.0216058799985723,1.0201704998697652,1.0137578040876263,1.0091563554924878,1.0071763908749556,1.004908851996751,1.0044211131312144,1.0042990756701644
15,1.05,1.048315888873398,1.0403738972067644,1.0362468517239158,1.0321826539581531,1.022054913600829,1.0202116224663649,1.0177567426743532,1.0142907945364668,1.011090486693254,1.0106204899834705,1.009805527485877,1.0065062523810253,1.0052943594194799,1.0045729688327631,1.0038964304542615,1.0029516671415584,1.0027120032685197,1.0479994034445586,1.0458573158610522,1.0454355315911175,1.0450539527006948,1.0382473962167222,1.0342925041040179,1.0323226753268955,1.0209531487107615,1.019490840083514,1.0129601932421337,1.0082729330466997,1.00625295013737,1.0039267319015086,1.003423210068929,1.003288730306468
16,1.05,1.0482918125203937,1.0402367337196283,1.036070735930321,1.0319694503226182,1.0217461980687594,1.0198918386061866,1.0174335295046506,1.0139399282477972,1.010716221154542,1.0102433404744797,1.0094240910749566,1.006110702259414,1.0048955017831154,1.004177954597357,1.0035090428112599,1.0025857487809693,1.0023601877594654,1.047970666412058,1.045797016632583,1.045369016916555,1.0449818142211402,1.0380544139476038,1.0339911800223043,1.031942944590451,1.0206305821612183,1.0191500877683977,1.0125368479740178,1.0077909584992741,1.0057474833025046,1.0034015872392368,1.0028956269626643,1.002765359658679
17,1.05,1.048265631503204,1.0400880955212328,1.0358420579332552,1.0316613210011978,1.0212411061700815,1.0193426301999442,1.0168172083679174,1.0132492139421012,1.0099555154993325,1.0094720311488714,1.0086339680195546,1.005242416893408,1.0039973950480334,1.0032586946150701,1.0025675932353888,1.0016069865327957,1.00136690780417,1.047939264012049,1.045730254356263,1.045295291302837,1.044901788073345,1.0378944047908325,1.033814493471809,1.031782340130498,1.0201088566154677,1.0186064397816643,1.0118941822012593,1.007077742312427,1.0050052911036689,1.0026319673378377,1.002121540715212,1.001994008879677
18,1.05,1.048234640856677,1.039910741296336,1.0355942054892535,1.0313443584590871,1.0207507443108865,1.0188275021410231,1.0162761225761738,1.0126274133844582,1.0092578344573166,1.0087628694846869,1.0079044553679006,1.0044284351199553,1.0031512324802871,1.0023898471962616,1.0016750321893224,1.0006747482619742,1.0004193644340564,1.047902512539048,1.0456544890998356,1.0452118431218524,1.0448113882294723,1.037670652271818,1.0335030720568932,1.0314199482017634,1.0195955562802463,1.018062527012876,1.0112144967223176,1.006300113482972,1.0041841920356225,1.0017555909665488,1.0012319334162432,1.0010974896863722
19,1.05,1.048196357826495,1.0396888337594745,1.0352660038670831,1.0309101675386283,1.0200548632963997,1.0180805002732984,1.0154522606624594,1.0117385777877332,1.008309608811127,1.0078060863137543,1.006933040913792,1.0033986888546704,1.0021006135438653,1.0013285452505771,1.0006049184798624,0.9995955758533364,0.999340497943936,1.0478579527957546,1.0455674209883496,1.0451164038644587,1.0447083745504555,1.0374131357654426,1.0331806293750565,1.0310723995413422,1.0188729775515601,1.0173042223747788,1.0102983565818122,1.0052698080501823,1.0031024059304299,1.000605073395853,1.0000642374896362,0.9999190636228639
20,1.05,1.0481677652645685,1.0395300575824769,1.035048808836365,1.0306371794366125,1.019638459273561,1.0176395564687326,1.0149898794715648,1.0111784557066057,1.007657352467934,1.0071398288247067,1.006241886302642,1.0026038398866075,1.0012660638529451,1.0004654315929442,0.9997116078380149,0.9986509246439553,0.9983754991590799,1.0478225997512196,1.0454862823067868,1.0450262486029955,1.044610060814236,1.0372083930841633,1.0328903522275512,1.0307394769120126,1.0184403987727293,1.0168507520953856,1.0097477183520307,1.0046512926375641,1.002459664618816,0.9999553146516609,0.9994181005983108,0.999287623679649
21,1.05,1.0481297211055045,1.0393128397183509,1.0347394997938146,1.0302373727245273,1.0190121782087682,1.0169708442646366,1.0142655103903413,1.0103883808956375,1.0068080383855633,1.006282192698807,1.0053703035099029,1.0016779561212674,1.0003215145989024,0.9995137599552177,0.9987560183234246,0.9976972930710738,0.9974283135334322,1.047777333785294,1.0453921052032162,1.0449224393626146,1.0444975360677968,1.0369419566733027,1.0325323279502823,1.0303357871683707,1.0177902692805976,1.0161691245674778,1.0089242414376047,1.003726542902794,1.0014927766773922,0.9989461736813863,0.9984013726567175,0.9982730348789263
22,1.05,1.0480727780713415,1.038977125868341,1.03424039999416,1.0295738923952105,1.0179458471880922,1.0158177307024183,1.0129709008207555,1.008921505689142,1.0051748954860051,1.0046228082436646,1.0036630309682222,0.9997657582074063,0.9983278037485565,0.9974523564989999,0.9966178735742974,0.9954163102305198,0.9950825948383019,1.0477127348363529,1.0452756537076355,1.0447957764163283,1.044361633366597,1.036553825388787,1.0320466537746809,1.029801476081119,1.016687150206224,1.0150165429495794,1.0075546147188648,1.0021991819919789,0.9998923381128908,0.9972404338299239,0.9966676763756009,0.9965180876363744
23,1.05,1.048016262885268,1.0386454548410082,1.0337502773437555,1.0289248237257833,1.016905999529977,1.0147041808232962,1.0117441001396548,1.0075028588604342,1.003570582605032,1.0029890738189637,1.0019754570796988,0.9978471082865235,0.9963168828162615,0.9953638246937089,0.9944408692603314,0.9930735371645432,0.9926640471217946,1.0476481685246597,1.045156556692278,1.044665940470725,1.0442220803097224,1.0361670318238316,1.0315572810392473,1.0292609529669654,1.0156053427018212,1.0138781349956043,1.0061689990354483,1.000633324008572,0.9982414330280426,0.9954610200388598,0.9948529759090569,0.9946740185669746
24,1.05,1.0479669628381636,1.038360782644794,1.0333386657727335,1.0283873363327687,1.0160558552760262,1.0138023167466546,1.0107734522257596,1.0064326729565396,1.0024082504337544,1.0018131672576915,1.0007759450155123,0.9965516202397801,0.9949859795398277,0.994011410996801,0.9930679900162412,0.9916712880567371,0.9912537334883383,1.047590458795412,1.0450418861659732,1.0445400523779775,1.0440860419355238,1.0358248666673378,1.0311081230091765,1.0287584413043092,1.0147177846538529,1.012940419722557,1.005010205120941,0.9993143396831045,0.9968495032458229,0.9939688804267693,0.9933352007653343,0.9931388671377093
25,1.05,1.0479118323621073,1.0380402020651078,1.0328906810277143,1.027813247187037,1.0151680581109908,1.0128548716033325,1.0097425547306649,1.0053127011437482,1.0012070531276371,1.000600321255638,0.9995432520957486,0.9952400990590823,0.9936464447256103,0.9926581672730547,0.9917039460830409,0.9902976938968487,0.989882154902301,1.04752659118914,1.0449188381564776,1.0444053496085166,1.0439407932034375,1.0354186723070966,1.0305378230186395,1.0280802811879388,1.0137972230352628,1.0119763007847664,1.0038517198545602,0.9980161972946335,0.995490889114225,0.9925394738594336,0.9918902197518343,0.9916890601000123
26,1.05,1.0478697518760376,1.0378034049397906,1.032540626422821,1.0273520129970497,1.0144280376052521,1.0120697524867617,1.008904348979537,1.0043765797918283,1.0001809981784373,0.9995612012514898,0.9984816489872453,0.9940881572853675,0.9924617893181988,0.9914555574947747,0.9904855535128737,0.9890600985693156,0.9886419744960216,1.0474754902804881,1.044806636171267,1.0442811145337207,1.0438056697411233,1.0351460538025126,1.0302033137427486,1.027740927106417,1.0130235216461887,1.0111578221454736,1.0028334301001687,0.9968543357436666,0.9942668590965971,0.9912426596048443,0.9905773927812789,0.9903712712728909
27,1.05,1.047799565686953,1.037389090147034,1.0319238689547912,1.0265314581713063,1.0131076931591845,1.0106243727688586,1.0072497718371825,1.002413713468539,0.9979162913513838,0.9972478289200158,0.9960781963823334,0.9912934788784755,0.9895084596940585,0.9883620013796955,0.9872288292259999,0.9854902686734918,0.9849246603806602,1.0473960231876822,1.0446643016050736,1.0441263989206313,1.043639750786975,1.0346679267377248,1.0296064239208376,1.0270848050774015,1.0116676517593264,1.009754719842389,1.001219559003544,0.9950890149664243,0.9924359556630519,0.9893349649591604,0.9886528037500911,0.9884414471352407
28,1.05,1.0477802162984031,1.0372980842661754,1.031819487198485,1.0264201996439102,1.012965440771935,1.0105323188073696,1.0072931154174427,1.0026911495070687,0.9984392586016814,0.9978143402566676,0.996729990170657,0.9923357210572579,0.9907198243798294,0.9897530537821393,0.9888430488486141,0.9875632537629709,0.9872315524474105,1.0473672024552834,1.0445713214445034,1.0440207831915973,1.0435227013110078,1.034530311079688,1.029385354901282,1.0268400692534974,1.0114907744280466,1.0095318071428396,1.0007912190185946,0.9945130631417364,0.9917960828552291,0.9886202458074357,0.9879216180809205,0.9877051589402317
29,1.05,1.0477266717775884,1.036990650439212,1.0313742262303909,1.0258386788313227,1.0120444957163843,1.0095487607120008,1.0062238692629337,1.0015506667824134,0.997236533518433,0.9966033974356747,0.9955059878227951,0.9910642269846762,0.9894340307805686,0.9884685031708814,0.987566415966614,0.9863158456498917,0.9860060940819191,1.0473040034585186,1.0444427202958824,1.0438793016364656,1.0433695643521788,1.0341623401459858,1.0289057571546618,1.0263104942744103,1.0105333336391933,1.0085258402669646,0.999568708081095,0.9931349471342366,0.9903505810322977,0.9870958290740373,0.9863798395807961,0.9861580004453167
30,1.05,1.047675351789305,1.0366977654192995,1.0309560513288092,1.025297394804393,1.0111947186104886,1.0086486347779535,1.0052633001999538,1.0005101257277047,0.9961250258612656,0.995482223946849,0.9943690256898081,0.9898677146125059,0.988218218320083,0.9872492018764231,0.9863493809388937,0.9851168766724558,0.9848236341280066,1.0472429011974882,1.04431534797722,1.0437388778887082,1.0432173303371826,1.0338046037591848,1.0284277257453,1.0257746978291278,1.0096466038742475,1.0075899747213422,0.9984135763281112,0.9918222509542743,0.9889696483118319,0.9856349778517659,0.9849014057016173,0.9846741180874657
31,1.05,1.0476257682105574,1.0364161907918972,1.030566553404038,1.0248029362905628,1.0104347430796958,1.007854880293743,1.0044423571370604,0.9996367478893033,0.9952085363115174,0.9945607775048926,0.9934407630364749,0.9889199533545047,0.9872679844202995,0.9863120070577696,0.9854344558924854,0.9842600673277933,0.9840031748909788,1.0471834491398866,1.044189039639213,1.0435994025712574,1.0430659400822941,1.0334449498882425,1.0279208191116225,1.0251838584887754,1.0088494077584376,1.0067432844185549,0.9973460190096181,0.9905959756003131,0.9876746346086197,0.9842594506055857,0.9835081647910041,0.9832753880664626
32,1.05,1.0476080841827553,1.0363371981333487,1.0304505743747359,1.0246558272946253,1.010198012695367,1.0076495678286077,1.004337840340429,0.9996945343105146,0.995439842970206,0.9948236166205214,0.9937661534502417,0.9895347549532681,0.9880097249953911,0.9871929518189534,0.9864899718009198,0.9856777668314349,0.9856074119855963,1.047155865717038,1.0440943883140934,1.0434915424930553,1.0429461271590323,1.0333600771581195,1.027836373763294,1.0251616247411797,1.0085760825910592,1.0064212959961258,0.9968068707452615,0.9899007714242373,0.9869118437177111,0.9834174908107016,0.9826487871082777,0.982410612907891
33,1.05,1.0475165385073044,1.035789497583256,1.029629736664795,1.023558143864451,1.0084253536327645,1.005692975795163,1.0020584551277851,0.9970047501252154,0.992346129805799,0.9916642501727767,0.990484666239085,0.9857205630301734,0.9839782292133772,0.9829655666375859,0.9820328648076627,0.9807761075239569,0.9804940829021396,1.0470543860101076,1.043925603619405,1.0433095022452799,1.0427520915974726,1.0327327748266573,1.0270589202853333,1.0242984762661125,1.0067641170190724,1.0045570554865395,0.9947093495313941,0.9876356009370447,0.9845740597283748,0.9809946305964703,0.9802072090971624,0.9799632345114972
34,1.05,1.0474437631366795,1.0353607753432557,1.02904375547019,1.0228159080489128,1.0072950237851994,1.0044674896095118,1.0006859118496525,0.9953844017993686,0.9904856780450749,0.9897657009345466,0.9885163257956353,0.9834522418425082,0.9815899683821137,0.980476051212871,0.9794277479336378,0.9779540059475074,0.9775725859950035,1.0469717242627694,1.0437759575419208,1.0431466636697428,1.04257731466018,1.0321707455863984,1.0262367473531668,1.0232811056647746,1.0056055776263761,1.0033616987605323,0.9933451736278207,0.9861523476418551,0.9830452086061966,0.9794370826447871,0.9786493316907879,0.9784209834723102
35,1.05,1.0473694520390568,1.0349220361289557,1.0283918260260592,1.0219494404875722,1.005901525988788,1.0029489345832867,0.9989621186998887,0.9933194234110531,0.9880864238534929,0.9873125178487565,0.9859632610901548,0.9804649968826765,0.9784265408542352,0.9771566670015968,0.9759267887359979,0.9741044007480175,0.9735586540371604,1.0468876078082179,1.04362540347339,1.0429830246800182,1.042401834549935,1.0316628925985067,1.0256000096799236,1.022578833936753,1.004170401551537,1.0018708663217835,0.9916074082644099,0.9842364008292183,0.9810501805403404,0.9773415221999977,0.976529749423706,0.9762889547427152
36,1.05,1.047423264060277,1.0352959257001546,1.0288777805123515,1.0225591253398854,1.0067917208629031,1.0040175316366697,1.0004166260159768,0.9954577066497154,0.9909239028128158,0.9902699236907765,0.9891511605813196,0.9846903190484279,0.9830920201968472,0.9822658766164297,0.9815778132514306,0.9808501885719012,0.9808523130809627,1.046931798657228,1.0436044028602347,1.0429491844954193,1.042356375183574,1.0322042968140732,1.0264960570086137,1.0238852628442574,1.00501982922296,1.0026655972034164,0.9921611273891876,0.9846153786876802,0.9813493938960682,0.9775304078612732,0.9766902806312616,0.9764299731529607
37,1.05,1.047299856269252,1.0345446597631376,1.027704733614833,1.0209542702910577,1.0041420315414245,1.0010447915277014,0.9968498896992607,0.9909665018788739,0.9855100371934428,0.9847030748041357,0.9832961359400807,0.9775622874964782,0.9754364065604849,0.974112019565295,0.9728293242223028,0.9709286081603301,0.970359409085451,1.046798851659134,1.043406817220564,1.042738868050198,1.0421345378591473,1.0314006356429166,1.025597550806257,1.0229541212887847,1.0023301232097144,0.9999226588972994,0.9891806274756647,0.9814641333651241,0.9781241807538475,0.9742184877632201,0.973359283390348,0.9730930639581077
38,1.05,1.0473093949835823,1.034636338653828,1.0279224191451608,1.021310028162753,1.0048129318029022,1.001894186311797,0.9980840257539938,0.9928605176155851,0.9880788161022958,0.9873875697929617,0.9862030348993541,0.9814704016346987,0.9797693372778492,0.9788731281847662,0.9781132158467015,0.9772687632334314,0.9772280888675836,1.0467991212701544,1.0433442767891743,1.042663956889051,1.042048431592353,1.0314130098721697,1.0254592521309125,1.022724064606222,1.0029679726835778,1.0005165477449431,0.9895783350788271,0.9817208451813929,0.9783198177339499,0.974342548701138,0.9734675964885239,0.9731964969279118
39,1.05,1.0472430304705254,1.034245528678362,1.0273982716507541,1.020653933313875,1.0038279320814534,1.0008483834151602,0.9969551017888516,0.9916277972308581,0.9867506057624614,0.986045452443873,0.9848369400118085,0.9800077510448453,0.9782716152946636,0.9773558254885053,0.9765784517325259,0.975712045331965,0.975667758481993,1.0467236967703157,1.0432074571593417,1.0425150451093164,1.041888576708908,1.0308877801583143,1.0246705757840873,1.0217319293643814,1.0019475799032274,0.9994490723722884,0.9883007418738406,0.9802922300548754,0.9768257780824681,0.9727718133335761,0.9718799865906983,0.9716036576428917
40,1.05,1.047200518964398,1.03400513222678,1.0269975354770042,1.0200928692485725,1.0028715243448518,0.9997717348164191,0.9956742034667398,0.9902911017544936,0.9853667179764062,0.9846557628942925,0.9834386479336453,0.9785812354759981,0.9768385775287425,0.9759308341309727,0.9751692618186447,0.9743471217774228,0.9743318254146731,1.0466724219189087,1.0430967956392194,1.042392686941346,1.0417556332721247,1.0306693497792798,1.024508225071487,1.0216803997800228,1.0009767582332052,0.9984604675924652,0.987223824627093,0.9791563215478275,0.975676220664966,0.9716555139863631,0.9707829207211418,0.9705438736745206
41,1.05,1.0471777970341658,1.0338892265704314,1.0269130530060055,1.0200474345487016,1.002905478253225,0.9997951760246714,0.9957110998590445,0.9902276541264091,0.9852101018696373,0.9844853569283374,0.9832441775779632,0.9782885359882371,0.9765094304789238,0.9755789298903412,0.9747952862327212,0.973940369689393,0.9739152077341321,1.0466412693876388,1.0430085097413184,1.0422931481289481,1.041645910683258,1.0304276665835934,1.0240198489855736,1.021000586213105,1.0010363260688773,0.9985580763706392,0.987465705886678,0.9795146892339687,0.9761189625076302,0.972337361273687,0.9715512897798437,0.9714281958422489
42,1.05,1.0471251008018958,1.0335819056401951,1.0265338595222462,1.0195995510707903,1.0022807256387187,0.9991370745235216,0.995020740651078,0.9894266026424264,0.9843054745633045,0.9835651963754419,0.9822966478852416,0.9772280896801754,0.975406407727781,0.9744472460610827,0.9736344347637733,0.9727326392341902,0.9726906839746744,1.046580485893445,1.0428929180234399,1.0421667613814276,1.0415097544605827,1.029972953539999,1.0232739014563432,1.020017547753275,1.000393460939613,0.9978920328240296,0.9866903463094948,0.9786637255132294,0.975243093437476,0.971464730435551,0.9706872154544873,0.970587390847683
43,1.05,1.0470328793535624,1.0330224487779387,1.025664385002379,1.0184132452254375,1.0003279761270079,0.9969535913487371,0.9924101297065242,0.9866948653093939,0.9814603071952036,0.9807029981305656,0.9794044144415784,0.9742118016095355,0.9723432777307593,0.9713523961899235,0.9705071903986088,0.9695530467270455,0.9694921446671674,1.046480549443568,1.0427406946530227,1.0420042395089184,1.0413379123934936,1.0293698316522917,1.022591452475332,1.019306285560113,0.9984093595906516,0.9958663104286002,0.9844783173981265,0.9763180862139462,0.972840360192869,0.9689983401850922,0.9682076108419305,0.9681057727808043
44,1.05,1.0470270549012493,1.0330098167836075,1.0256225274441215,1.0183463769058132,1.0001897299369853,0.9968078543834784,0.9922795651164908,0.9864784611377323,0.9811643541088669,0.9803953124763342,0.979076306131245,0.973800549974987,0.9719013120014498,0.9708916791716347,0.9700285689231162,0.9690485688642151,0.9689804379666624,1.0464674823168785,1.0426785407306742,1.0419324173417859,1.041257340369612,1.0293922893418395,1.0226948106941607,1.0195349755583518,0.9982609108993424,0.9957054816565586,0.9842545959084191,0.9760530220060617,0.9725675926635635,0.9687587173712626,0.967985480373817,0.9679158726894543
45,1.05,1.0470129010352522,1.0329427919259522,1.0255251003328705,1.0182223981740408,0.9999906366784258,0.9966988207245089,0.9923795069010801,0.9865265922647197,0.9811667240603531,0.9803915110935159,0.9790625094448221,0.9737494584616873,0.9718383938563557,0.9708275476320977,0.969967333023764,0.9690022263431928,0.9689465559145192,1.046446539402636,1.0426115843226897,1.0418563979636526,1.0411731188592492,1.0293173841433858,1.0226123517095593,1.019487597432879,0.9979920334386612,0.995340695083039,0.9834815107953395,0.9749765530861645,0.9713334550109087,0.9672313435804362,0.9663673695902919,0.966200729782338
46,1.05,1.0470149784215113,1.032977126611402,1.0255647392560785,1.0182722523782324,1.0000548246555088,0.9967349610354569,0.992385433041241,0.9864392915185727,0.9809914185782057,0.9802028136979934,0.9788499676081504,0.9734374125735213,0.9714881981251133,0.9704497773070769,0.9695603424051655,0.9685453994278356,0.9684698804734349,1.0464423239569332,1.0425647176510118,1.0418011305256818,1.0411102485504138,1.0293791575735347,1.022738149906142,1.0197159405097778,0.9980773668333163,0.9954572629622429,0.9837175808234183,0.9753085526687822,0.9717335516018579,0.9678209396075231,0.9670251806758107,0.9669493897562738
47,1.05,1.047005053425044,1.0329335717152361,1.0254673310976785,1.0181231160510806,0.9997730081388517,0.9964193597895771,0.9920271888564448,0.9859664297514856,0.9804086623415337,0.9796029088546311,0.9782189944808437,0.9726743983271622,0.9706732265357783,0.9695933059265409,0.9686576457883386,0.9675585082617796,0.967445947326178,1.0464266139995195,1.0425097978458946,1.0417384877453195,1.0410406162730725,1.0293760315416283,1.022825033861464,1.0199281485171015,0.9977870619224604,0.9951566214466661,0.9833646834162942,0.9749211990665368,0.9713394666182439,0.9674528250627307,0.9666709690570876,0.9666210108327542
48,1.05,1.0469469869446923,1.0325827118735151,1.0249371781344736,1.0174103633456482,0.9986156781994199,0.9952119656979644,0.9907461974681694,0.9844553229844838,0.9786710606715067,0.9778285176824673,0.9763761756363453,0.9705329300060686,0.9684099610972919,0.9672204398660116,0.9661563461898991,0.9648088704902219,0.9645782209287047,1.0463632748024556,1.0424107198865469,1.0416323704560218,1.0409281281621905,1.02897866615446,1.0223393545364072,1.0193889988709615,0.9965607517503181,0.9938352760617134,0.9816401100985976,0.9728962575386699,0.9691565508263471,0.9649696763284338,0.9640939481767037,0.9639417929591543
49,1.05,1.0468715591324231,1.032119799062909,1.0242232776548819,1.0164388521876544,0.9970210135572244,0.9934179329691846,0.9885845296963959,0.9816876602040954,0.9752974127254834,0.974354194491527,0.9727118892245487,0.9660274587736978,0.9635551265489752,0.9620341369660657,0.9605738044107823,0.95844313568862,0.9578303914495964,1.0462831258944052,1.0422985704972865,1.0415139180238187,1.0408039712408415,1.0284707668396205,1.0217456283763973,1.0187411904540875,0.9949454621842058,0.9921925784347514,0.9798748501225244,0.9710430244450885,0.9672655442817374,0.9630358016639728,0.9621509893156995,0.9619969342999305
50,1.05,1.0468644146776747,1.0320882223989258,1.024202551845523,1.016432500867027,0.9970432866124453,0.9934854212985441,0.988753757911429,0.9821486226317359,0.976056813623881,0.9751647575418781,0.9736208233707313,0.9673798292838534,0.9650957715115281,0.9637645390250988,0.9625358738565571,0.960873350896232,0.9604947656661357,1.0462718809220934,1.0422595312419747,1.0414694041994406,1.0407545027173137,1.0284038237198894,1.021611500159956,1.0185662580173083,0.994948915583924,0.9921707491762523,0.9797417438838313,0.9708291512797639,0.9670146130912917,0.9627328862024055,0.9618345736460095,0.9616709142327236
51,1.05,1.046845670684908,1.0319810254885784,1.0240450586156533,1.016225303385302,0.9967127469129364,0.993125864971534,0.9883480016783696,0.9819029684944841,0.9759764669602744,0.9751131158462332,0.9736247656001715,0.9676358278061,0.9654596004961827,0.9642393375984776,0.9631470900397436,0.9617621227815952,0.9615234558757052,1.0462496295791979,1.0422135058906081,1.041418696126467,1.0406995565807005,1.0282785737662417,1.0214537889653963,1.0183986459820575,0.9946095489391303,0.9918199897322699,0.9793378839160798,0.9703882672137577,0.9665607163197122,0.9622762545200388,0.9613803690962918,0.9612254238924928
52,1.05,1.0467426878082682,1.0313372209062819,1.0231259150918492,1.0150219424650644,0.9948245703596456,0.9911369021224296,0.9861817904427673,0.9792149817377818,0.9727658223284962,0.971815433032478,0.9701626095675253,0.9634443147754702,0.9609646413496502,0.9594550438698933,0.9580163042532862,0.955945170690515,0.9553710116018271,1.0461437055615406,1.0420876452615608,1.0412889085959351,1.0405662150087245,1.0274730293871166,1.0203214334917858,1.016963225595564,0.9926275562251505,0.9897077001158642,0.9766789274473245,0.9673186953875708,0.963266556736292,0.9585256563333504,0.9574826860450337,0.9571595162939067
53,1.05,1.0467538179030471,1.0314154186045483,1.0232876625121254,1.0152723303779496,0.9952831786709443,0.9916104869663457,0.9866921611916852,0.9797833315285827,0.9733946059243085,0.9724548338753135,0.9708227148135461,0.9641989798108902,0.9617600804605884,0.9602932290004399,0.9589073507155186,0.9569444385951864,0.9564251790086037,1.0461525875891464,1.0420812889145685,1.0412795507655346,1.0405541406968006,1.0275087132975957,1.0202729164796676,1.016845187206075,0.9931244416978279,0.9902586936799845,0.9774511586793703,0.9682602246719162,0.9643085919115418,0.9597979025776053,0.9588327337746867,0.9586050413171526
54,1.05,1.0467414225065028,1.0313421962007592,1.023181489019873,1.0151330943456474,0.9950625123879057,0.9913657542797029,0.9864065268472169,0.9794729937054871,0.9730610871752082,0.9721178258262032,0.9704795386368287,0.9638302376124327,0.961381646459517,0.9599081352900161,0.9585153976488756,0.9565412532912999,0.9560178325300296,1.0461385676561987,1.0420562570163372,1.0412523498476494,1.040524976708181,1.0274205463344983,1.0201562630757877,1.016710726105596,0.99290029558386,0.990030134199555,0.9772015103257745,0.9679961222417699,0.9640400944972106,0.9595319776430565,0.9585692435645962,0.9583472180379335
55,1.05,1.046689986550456,1.0310190762047482,1.0226439219652386,1.0143731293481146,0.9937707549016609,0.9899690327056753,0.9848063850126281,0.9778636339968036,0.9714443512172228,0.9705003035207155,0.9688610368596975,0.9622095156377691,0.9597611302551824,0.9582909014568475,0.9569034291388822,0.9549425269014054,0.9544271728108794,1.046086128545721,1.0419970177909008,1.0411917711989656,1.0404631858048012,1.027114454908182,1.0198864745185139,1.0164841467669146,0.9915529252974836,0.9886053640434185,0.9754529400825535,0.9660038109674236,0.9619131455280268,0.9571270296625127,0.9560741104386347,0.9557478572813433
56,1.05,1.046678260845076,1.0309457608680546,1.0225461965660705,1.0142502666855768,0.9935871964191888,0.9896983460774802,0.9843665681387235,0.9772154377268991,0.9705863791534983,0.9696071649994148,0.9679011588202036,0.9609523240407136,0.9583795752080172,0.9567890794443744,0.9552568559481225,0.9530077146931265,0.9523505830696095,1.0460740711234864,1.0419827117646956,1.0411770222643997,1.0404480360135844,1.0270137273715105,1.0197301277715973,1.016275066625525,0.9914074330288777,0.9885132826092045,0.9755816464025875,0.9663001481017948,0.9623057102154596,0.9577300842486239,0.9567470722454476,0.9565045051260818
57,1.05,1.046697890112028,1.0310692285667704,1.022765807447538,1.0145696798088024,0.9941446490399889,0.9903483444764886,0.9851993646725609,0.978059800829134,0.9714415907597664,0.9704640065668398,0.9687608792354856,0.9618239758228136,0.9592557427311164,0.9576683209273896,0.9561392457229431,0.9538952169712844,0.9532399479748871,1.0460940367088856,1.0420049571775913,1.0411997167371185,1.0404711369118727,1.0271123582216897,1.0197774446375454,1.0162691154345447,0.9919624308822601,0.9890646684425491,0.9761191322229844,0.9668265195253449,0.9628242911405587,0.9582272206647963,0.9572365138808475,0.9569837378131767
58,1.05,1.0466574059856353,1.0308090563594032,1.0224525190111808,1.0142004770433757,0.9936432630977509,0.9898512102529482,0.9847078254796061,0.977585242638879,0.9709835195943902,0.9700085571854188,0.9683102426487337,0.9613940911347979,0.9588341807328469,0.9572538403150812,0.9557328761292868,0.9535041349026683,0.952855899947469,1.0460545022995225,1.0419718602920494,1.0411678878394612,1.0404404555985787,1.0267093268093301,1.0190811103795872,1.0152774412693222,0.9914288113506562,0.9884857448625897,0.97535338082296,0.9659186717572653,0.9618342546229689,0.9570554680373258,0.9560041614550377,0.9556784080745285
59,1.05,1.0466514242862746,1.0307656646095362,1.0223713930444092,1.0140788701633985,0.9934279134975567,0.9895909997993427,0.98435202496269,0.977214098726292,0.9705955148768833,0.9696173947973471,0.9679127074588031,0.9609665557158841,0.9583932566224639,0.9567977032154967,0.9552574637783768,0.9529883117289726,0.9523190623116056,1.0460501346161222,1.0419784331924395,1.0411766156965312,1.040451133795359,1.0266779777073662,1.0190723953459622,1.015281162614413,0.9912190684465207,0.9882834624935233,0.9751843944239624,0.9657736200491394,0.9616995739270713,0.9569329523981903,0.9558843224581689,0.9555593986000638
60,1.05,1.0466578911179463,1.0307991216837087,1.022411920055318,1.0141250490348837,0.9934921074399012,0.9895924594850338,0.9842173863207375,0.9771381174959484,0.97057661586652,0.9696076019960409,0.9679196679521835,0.9610459312307944,0.958501759063242,0.9569312152160798,0.9554197308897802,0.9532050175696813,0.9525609567011604,1.0460588599014637,1.0420024673314947,1.0412036652044765,1.0404809123554892,1.026727025604516,1.019150477498757,1.015373742411412,0.9913247790786688,0.988446698724523,0.97558982720708,0.9663605270537223,0.962384616808426,0.9578138014986156,0.9568277573528133,0.9565734973367344
61,1.05,1.046631556812727,1.0306223356014546,1.022107564189247,1.013685793629543,0.9927355525939948,0.9887783551477293,0.983279085681656,0.9761584025448705,0.9695528284597306,0.9685758700541072,0.9668722191773074,0.9599257492371656,0.9573497395523668,0.9557446001610904,0.9541898555374637,0.9518855882016346,0.9511955676871303,1.0460353926665724,1.0419984341352675,1.041203459897096,1.0404841714546529,1.026569281016998,1.0190281915610147,1.0152691604077184,0.9905310900244578,0.9876003837771798,0.974529116089702,0.9651353166300812,0.9610606601658592,0.9562603496618913,0.9551963388397154,0.95484570135271
62,1.05,1.0466292340872785,1.030595835941242,1.0222167446844965,1.0139336258421547,0.9933193985818711,0.9894396745080647,0.9840795951940037,0.9770076121767652,0.9704472810893238,0.9694770162695933,0.9677850512317953,0.9608863693763948,0.9583281035123528,0.9567340341332339,0.9551900175510741,0.9529016676769747,0.9522164125312313,1.0460365659874031,1.042023304782847,1.0412329981597814,1.0405179341060062,1.0263420694540366,1.018385971613684,1.014194503485014,0.9911429513711365,0.9882504590291513,0.9753438070074405,0.9660713555209447,0.9620572489232357,0.9573609474528116,0.956327789982476,0.956007661278544
63,1.05,1.046677185111541,1.0308863496896632,1.0226427922110342,1.014497586086253,0.9942187164867061,0.9904333708192253,0.9852431202167351,0.9782297557278236,0.9717238822890949,0.9707616743498305,0.9690837752929661,0.9622426155564197,0.9597057078809509,0.9581249635058038,0.9565938603210621,0.9543246704529342,0.9536451514233614,1.0460886416199284,1.0421033381690594,1.041318538321312,1.0406084581233022,1.02668807459542,1.0188401336511212,1.0147289740411183,0.9920598423103988,0.9891907382835304,0.9763884702111888,0.9671910619930656,0.9632094768823234,0.9585513388229121,0.9575265785433661,0.9572090523036947
64,1.05,1.0467858402802968,1.0315601194485888,1.0235541419241634,1.015652493837697,0.9959623172881407,0.9922829525116696,0.9872813132713458,0.9803399341582401,0.9739009393329761,0.9729486260229719,0.9712880019443362,0.9645174935396447,0.9620068199450367,0.9604424431490629,0.9589272021932576,0.9566815483612309,0.956009075491664,1.046202037481219,1.0422488674873658,1.0414703968808228,1.0407660448894571,1.0275948872903828,1.020217346049311,1.016539978753998,0.9938706027865261,0.9910940313592389,0.9786845226873526,0.9697796709966349,0.9659519068386875,0.9615861163792844,0.9606527358410732,0.9604346481604314
65,1.05,1.0467903589297474,1.0315711863005972,1.0235401842104082,1.015608552300598,0.9958552570666768,0.992194187242893,0.9872076077192751,0.9803292657984733,0.973948818959846,0.9730051671981893,0.9713596617777567,0.9646509491464058,0.9621632156171618,0.9606131476947176,0.9591117723735011,0.9568866875085622,0.9562203728283404,1.0462117998239326,1.0422941716990601,1.041522701633634,1.0408246853503798,1.0276418800881573,1.0203312380987566,1.0166872713094646,0.9937375334702043,0.990923193497276,0.978365339046894,0.9693436373270689,0.9654381938277294,0.9608693924867002,0.9598642890058374,0.9595528547489228
66,1.05,1.046825571506709,1.0317752089219705,1.0238471126173727,1.0160182043316144,0.9965196943694115,0.9928639620196515,0.9878622680886385,0.9810587567696534,0.9747478156044964,0.9738144466007168,0.9721868904849185,0.9655515523466427,0.9630910585559268,0.9615579822731362,0.9600730725942334,0.9578724147597496,0.9572134132709277,1.046252812526983,1.042374497158516,1.0416107703430981,1.0409197619119277,1.0278718676575975,1.0206069310335806,1.0169713388004036,0.9944548066303253,0.9917128289226373,0.9794647590582205,0.9706723859113089,0.9668839113826778,0.9625251274273158,0.9615838408256733,0.9613384681081238
67,1.05,1.0468709256844755,1.0320418624130983,1.0242303055548154,1.016517908983818,0.997307411268905,0.9937138932776689,0.9888088306366478,0.9820883196069123,0.9758544716030765,0.9749325078309483,0.9733248602074436,0.9667709036390533,0.9643406218518432,0.9628263910652107,0.9613597434199337,0.9591861773486503,0.9585352868594218,1.046304486581276,1.0424690059340829,1.0417137160355103,1.0410303432016885,1.0281970087913785,1.0210436280297965,1.0174781748514985,0.9952684836738891,0.9925610895341457,0.9804670996504029,0.9717856124714402,0.968045525003269,0.9637449001202493,0.9628167507381775,0.9625763446475523
68,1.05,1.0469163269635542,1.032307178093588,1.0246031654637693,1.0169975537165277,0.9980528920685224,0.9944912474954265,0.9896200550203114,0.9829872746703013,0.9768349091210188,0.9759249997886223,0.9743383929887,0.9678704372556222,0.9654720808156119,0.9639777633408165,0.9625304121063591,0.9603854711084274,0.9597431507551498,1.0463566946921883,1.0425673481980726,1.041821145040796,1.0411459958587757,1.0285308677445484,1.0215090084228675,1.0180304504208098,0.9960531393039909,0.9933987125068403,0.9815356927699953,0.9730229513052614,0.9693631902022484,0.965186593508591,0.964292947739808,0.9640821976461779
69,1.05,1.0469253036768016,1.0323398197641034,1.0246284399688872,1.0170097304508772,0.9980451716896858,0.9945425533043311,0.9897596833162154,0.9832153209877523,0.9771450682852568,0.9762473063863653,0.9746819011090886,0.9683005860281763,0.9659343897512049,0.96446013039801,0.9630322152211678,0.9609161043253397,0.9602824156333629,1.046372916536372,1.0426326735170484,1.041896141891039,1.0412297455415318,1.028591982352769,1.021619249055659,1.0181439767926248,0.996004219231598,0.9932902228732576,0.9811918115740204,0.972494534880257,0.9687141552282287,0.964227855166078,0.9632253793797795,0.96287394942243
70,1.05,1.0469379240142092,1.0323941422573797,1.0247582834299513,1.017212446859378,0.9984340475290046,0.9949631957541237,0.9902112354090324,0.9837624977282969,0.9777810496186035,0.9768964250693195,0.9753539488675701,0.9690663320346202,0.9667349152843067,0.9652823475219527,0.9638754511252033,0.9617905177564711,0.9611661635570584,1.046393210931024,1.04270497710813,1.041978689273117,1.0413215635930722,1.0285845985451012,1.0214759377502065,1.01781799996356,0.9964143576861976,0.9937280756051715,0.981757049841538,0.973149485531542,0.9694030476509218,0.9649361527723992,0.9639330123902707,0.9635684061719567
71,1.05,1.0470184345613724,1.032877961246475,1.0254060017625677,1.0180245925420643,0.9996512430078315,0.9962671726032795,0.991653078952042,0.9853111952040887,0.9794289825417014,0.9785590385151832,0.9770421852389153,0.9708592800601841,0.9685667316559711,0.967138406119589,0.9657550002220815,0.9637049113471301,0.9630909894814749,1.0464818245865402,1.04284850650198,1.0421330348780564,1.041485697848266,1.0292395690144818,1.0224706180011107,1.0190970677709443,0.9976686001991744,0.9950319137283756,0.9832802967347776,0.9748314265197295,0.9711563423078415,0.9667838782070688,0.9658041124498378,0.9654535786359679
72,1.05,1.0470531955358968,1.0330702590963785,1.0256668799386381,1.0183505077885708,1.000145785313671,0.9968079401689219,0.9922505473692522,0.9860139039174258,0.9802294181565822,0.9793739311535854,0.9778823086964546,0.9718024915849873,0.9695482055029345,0.9681437421524671,0.9667834576560174,0.9647676631237991,0.9641640090542153,1.046525023589639,1.0429488892748122,1.0422446804956864,1.0416075362324826,1.0294900544114207,1.0228294415800432,1.019509966168146,0.9981716324101695,0.9955445725387359,0.9838466304374828,0.9754309744755515,0.9717560098489885,0.9673246009603774,0.9663175759444068,0.9659210307966918
73,1.05,1.0470677707672802,1.0331333828702798,1.0257162188581972,1.0183789414224325,1.000138241872308,0.9968448138676989,0.9923403250712708,0.9862093338270475,0.980522950117354,0.9796819753902193,0.9782156786899816,0.9722393218880774,0.9700234338062812,0.9686429157323468,0.9673058325246807,0.9653244488661293,0.9647310976123357,1.0465483494547219,1.0430315156150793,1.0423389865051254,1.0417124121428492,1.0296130860018,1.0230640107028577,1.0198002035739266,0.9981278213530315,0.9954477122335061,0.9835437621750216,0.9749646220282543,0.9711778141580456,0.9664453116994564,0.9653309471794459,0.9647931162275898
74,1.05,1.0471027204391037,1.0333248332941418,1.0259720767226272,1.0186950411466515,1.0006135144436665,0.9972643478121672,0.9926094076211137,0.9865885471185382,0.9810044209058025,0.9801785730695034,0.978738674089922,0.972870150257452,0.9706942819904549,0.9693387199272753,0.9680258170761927,0.9660802955651379,0.9654976817015122,1.0465923452288404,1.043136812379485,1.0424563568758018,1.041840708833207,1.0298668104538957,1.023433675626192,1.0202277318668427,0.9986707336318932,0.9960829128050676,0.9845761395475069,0.9762898795602893,0.9726496355179842,0.9681705563051209,0.9671316656003035,0.9666690522927871
75,1.05,1.0471964868037058,1.033888690397718,1.0268308054517445,1.0198536471706898,1.0025021011118322,0.9992215445657283,0.9946618899898355,0.9887650219025597,0.9832960290414462,0.9824872129825901,0.9810770369555007,0.9753299403027335,0.9731991387228067,0.9718716808866384,0.9705860091791998,0.9686808757933743,0.968110354342267,1.046695432363033,1.04330305998124,1.042635044239222,1.042030653789489,1.0304958346735729,1.0241840247991278,1.0210386299463474,1.000679858174156,0.9982581393151111,0.9874557319876109,0.9796942193029606,0.9763304581189977,0.9723790427478671,0.9715054716678441,0.9712234796986045
76,1.05,1.0472709159553357,1.0343291519762359,1.0274881054337974,1.0207294831283857,1.0039134406532597,1.0007722553101936,0.9964503765138397,0.9906777567014965,0.9853241269204771,0.9845323763616451,0.9831519805468316,0.9775265282752764,0.9754408713378384,0.9741415647115642,0.972883169003955,0.9710184881738565,0.970460078565271,1.0467793785248911,1.0434514942726496,1.0427961796877654,1.0422032832815258,1.0310023786911005,1.0248135936003513,1.0217295918949318,1.002125548414563,0.9997492823679891,0.9891512720035744,0.9815358928837074,0.9782333790690101,0.9743452451487877,0.9734835377763996,0.9731998095216197
77,1.05,1.047287573463522,1.0344024542435848,1.0275485978068932,1.02076942133653,1.0039199083344028,1.0008104737501151,0.9965125265630825,0.9908554093449626,0.9856090082731401,0.9848331194402332,0.983480400329745,0.9779679701902555,0.9759242532753206,0.9746510966246442,0.9734180367135998,0.9715909272246867,0.9710437670464942,1.04680569128598,1.043543229627295,1.0429008001446347,1.042319564133332,1.0311416401564606,1.0250756452333178,1.022052914651891,1.002103731354687,0.9996853661977073,0.9889282818306071,0.9811842150635808,0.9777877333030278,0.9736312308904602,0.972672200182776,0.9722576987084892
78,1.05,1.0473792271595708,1.0349512445601043,1.0283800462386066,1.021887693960048,1.005737025531757,1.002741213847438,0.9986276124083617,0.9930992272811989,0.9879723418107417,0.9872141323993753,0.9858922626678047,0.9805058214571122,0.9785088579112315,0.9772648534131251,0.9760600384157536,0.9742748155998731,0.9737401968408294,1.0469071589919938,1.0437111936350396,1.043081860634695,1.042512476208902,1.0317587105231272,1.025819824421919,1.0228605181397354,1.004007233302519,1.0017070583072631,0.9914562786806895,0.9840866480328779,0.9808804479664165,0.9770632477588103,0.9762069977770325,0.9758982848550971
79,1.05,1.0474373523774234,1.0352869975175256,1.0288653081040884,1.02252117001575,1.0067390323886105,1.0038450368189629,0.9998935277918566,0.9944894381324274,0.9894779391675312,0.988736798042917,0.9874447092536203,0.9821798719793009,0.9802280311706334,0.9790121599896839,0.9778346019245753,0.9760897979403346,0.9755672812878321,1.0469751646967285,1.0438461437437385,1.0432299953771496,1.0426725421954504,1.0321625602907154,1.0263504371628474,1.023454378093253,1.0050287328210397,1.0027531820998563,0.9926206936833961,0.985331908991447,0.9821496189920836,0.9783144630740176,0.9774431372006442,0.977100510501045
80,1.05,1.0474786088686563,1.0355155683824733,1.0291764092688493,1.0229107581464838,1.0073319459252517,1.0044226241729388,1.0003984967681345,0.9951146062617459,0.9902146822338401,0.9894900452843087,0.9882267513736182,0.9830794728268025,0.9811712507500082,0.9799825733352724,0.9788313611726488,0.9771256227197415,0.976614803128191,1.047026334122539,1.0439644751285462,1.0433615541418055,1.0428160707746221,1.0324591195749608,1.0267735534236142,1.0239406347528759,1.005674720788432,1.0034708535683428,0.9936511943076153,0.9865907492127021,0.9835167331725087,0.9798472398728767,0.979021748103139,0.9787179961212665
81,1.05,1.0475473538773432,1.035918584882387,1.0297933873053078,1.0237430192812256,1.0086924311037606,1.0058849581948361,1.002022400312296,0.9968644559216113,0.9920814408059997,0.9913740970110175,0.9901409743812761,0.9851168724659777,0.9832543533286857,0.9820941689105636,0.9809705613094509,0.979305754521071,0.9788071907636675,1.0471050014748564,1.0441103659898867,1.0435206844081042,1.0429871816298246,1.0329012278705934,1.0272830050306248,1.0244541157107283,1.007090456837487,1.0049612364879918,0.9954671484035867,0.9886444231843539,0.9856833505415535,0.9821874868278759,0.9814101912253257,0.9811476467884557
82,1.05,1.0475923164033922,1.0361708352510601,1.030120611226315,1.0241409024318304,1.0092742072635206,1.006533703500506,1.0027643489419835,0.9977267367797769,0.9930554104543358,0.9923645873536273,0.9911602864623149,0.986253832321953,0.9844349616824586,0.9833019875775473,0.9822047410877244,0.9805790197954063,0.9800921592485023,1.0471598313096182,1.0442320441833282,1.0436555280211024,1.0431339387689804,1.0332504658917119,1.027818193941662,1.0251116357269283,1.0076713392285324,1.0055382663949204,0.9960442006151825,0.9892129712504412,0.9862254999518641,0.9826047123240627,0.9817771832045978,0.9814392810536837
83,1.05,1.047621023240223,1.0363202198600407,1.0303041034770237,1.0243526054414125,1.0095688083319672,1.0068550811446986,1.0030990569554092,0.9981784302460082,0.9936156798359105,0.9929409167661255,0.9917646326307231,0.9869725265856207,0.9851960780469465,0.9840895483841333,0.9830179204887617,0.9814301820429783,0.9809546946593416,1.0471983120237705,1.0443367380526694,1.043773262111794,1.0432634729836587,1.033466564342791,1.0281584654054483,1.0255138473285834,1.0079666625654646,1.0058320567923262,0.9963472624446866,0.9895147365475808,0.9865054529606898,0.9827711285182832,0.9818973274433203,0.981489121716504
84,1.05,1.0477011081465029,1.0367960727419876,1.0310183444040961,1.025307752250022,1.0111126464569946,1.0084928197207261,1.0048835354965855,1.00008539276568,0.9956363218966534,0.994978373772598,0.9938314234158551,0.9891590415014689,0.9874270096163184,0.9863481677849772,0.9853033630650235,0.9837553934813672,0.9832918140406622,1.0472880629231336,1.0444919691908163,1.0439413890379374,1.0434432692353595,1.034009119789889,1.0288251702306932,1.0262424779745667,1.009584128520588,1.0075499626319033,0.9984970482506003,0.9919829754987717,0.9891332106809362,0.9856751878484746,0.9848838177115934,0.9845580398794337
85,1.05,1.0477816519174172,1.0372754103477344,1.0317393282070078,1.0262731694764065,1.0126743165635086,1.0102015759847007,1.0068468629596827,1.0021695428944148,0.997832604774451,0.9971912426390855,0.9960732256510904,0.9915189231906552,0.9898306961452099,0.9887791597469145,0.9877608073309045,0.9862520554386396,0.9858002189911994,1.047378102476687,1.0446463338413252,1.0441084218889554,1.043621765367378,1.0345539436547968,1.0294918760626233,1.0269699752320525,1.0111890768414822,1.0092129102365572,1.0004159008071107,0.9940871729618163,0.9913215430941033,0.987978074562356,0.9872157811576164,0.9869091959671593
86,1.05,1.0478376215679848,1.0375995086518075,1.0322096248453119,1.0268887270150209,1.0136502538464045,1.0112343639507442,1.0079547044127677,1.0033911942476754,0.999159872829449,0.998534132615302,0.9974433656800569,0.9930002566586579,0.991353277332886,0.9903274508329828,0.9893340043945653,0.9878621756171786,0.9874213952302874,1.0474433478108716,1.0447744112682196,1.044248873394023,1.0437734139066632,1.034941626680555,1.0299978981417848,1.0275350180059541,1.012209882395323,1.0102940620204635,1.001761886709095,0.9956256682072636,0.9929492880175425,0.9897346883770085,0.9890066404979125,0.988726157426889
87,1.05,1.0478886760285873,1.0378932543012456,1.032632192622384,1.0274386629150494,1.014517521699218,1.0121576478456868,1.0089526543954024,1.0044992107813147,1.0003700274959546,0.9997593945267876,0.998694978916958,0.9943593860919616,0.99275228881674,0.9917513200181036,0.9907819536112815,0.9893458222370378,0.9889157309730767,1.0475034262928977,1.0448956152230864,1.0443821152438497,1.0439175484931773,1.0352971376746052,1.030468358863592,1.02806280593723,1.0131129128753675,1.0112447699523257,1.0029245140488474,0.9969409909940394,0.9943318477484572,0.9912005946704447,0.9904920001984814,0.990220480817706
88,1.05,1.0479513113121972,1.0382614584050895,1.033177414497723,1.028161632697178,1.0156771054454479,1.0133800107374278,1.0102641063472046,1.0059184687618201,1.0018893227227563,1.0012934861503602,1.0002548790103978,0.9960245806700153,0.9944565402459934,0.9934799141563382,0.9925341286296899,0.9911329538409188,0.9907133299282743,1.0475748016141921,1.0450261906557867,1.044524349318408,1.044070332043654,1.0357252960053587,1.03100809351435,1.0286581827710006,1.0143309874474484,1.0125423920895023,1.0045655166724976,0.9988344272655819,0.9963498106990966,0.993427307431191,0.992779880500146,0.9925673728699903
89,1.05,1.0480068478042357,1.038585706484586,1.033653273806503,1.028789045052963,1.0166782591861148,1.0144341823089935,1.011389393941749,1.0071466220021557,1.0032129245030825,1.00263120547326,1.0016172218388981,0.9974873742966212,0.9959565926032087,0.9950031876276977,0.9940798961232393,0.9927120656010178,0.9923024263255672,1.04763875011833,1.0451471157494145,1.0446564950890431,1.0442126309108932,1.0361071386909602,1.0314971183458597,1.029200655724925,1.0153824845972363,1.0136621333874964,1.005981209426665,1.0004669738600134,0.9980874866086016,0.9953344949518221,0.9947356081914253,0.9945676999804367
90,1.05,1.0480482635057145,1.0388215569437322,1.0339953246715423,1.0292356623010384,1.017386165106485,1.0152057333492837,1.0122554360721803,1.0081099490747143,1.0042665177394812,1.0036981496059107,1.0027074514853176,0.9986725878093287,0.9971770357180881,0.996245586388994,0.9953435627218141,0.9940072577435617,0.9936070585769158,1.0476882118032125,1.045251073289952,1.04477118469623,1.0443370314178841,1.0363881824566954,1.0318604643397011,1.0295952399531754,1.0161091473777497,1.014412941434561,1.0068448801132504,1.0014092231245666,0.9990570520319028,0.9963083055968066,0.9957036387216718,0.9955162951468526
91,1.05,1.0481123538106227,1.0392026272636783,1.034560557933961,1.0299868968528665,1.0185915882645773,1.0164822521070829,1.0136424074098118,1.009591533911032,1.0058358882487368,1.0052805040729031,1.0043124511210855,1.0003699554822436,0.9989086621764193,0.9979985630948027,0.9971172206798312,0.9958115712672099,0.9954205517319806,1.0477599606202186,1.045374692257235,1.044905018581485,1.0444801081959816,1.036831489074722,1.0324213853301327,1.0302246074770656,1.0173721917485141,1.015754601818488,1.0085241762599477,1.003337552100999,1.0011104154215618,0.9985791543266241,0.9980395655292514,0.9979176703796261
92,1.05,1.0481603734767069,1.039483149634861,1.0349726471300276,1.0305305701236827,1.0194593605364077,1.0174121988057279,1.0146671521798305,1.0107041693296548,1.0070300680268889,1.0064867445662946,1.0055397258332117,1.0016830195974997,1.0002535438907312,0.99936327295578,0.9985011370833295,0.9972239563390071,0.9968414616450345,1.0478152055164967,1.0454788714908696,1.0450188345213138,1.0446026437771188,1.0371613788597775,1.032843140145603,1.0306921660903932,1.0182738548404655,1.0167018007694777,1.009671369772807,1.00462999094841,1.002469896248082,1.000034271760151,0.9995198858345902,0.9994167397916279
93,1.05,1.048199251974663,1.0397072007794346,1.0352958268435037,1.0309519147755992,1.0201247003109732,1.0181190513912135,1.0154294026640989,1.0115477506854738,1.0079491047056544,1.0074169412725094,1.0064893853424808,1.002712053197126,1.0013120148027064,1.000440088065833,0.9995957210643953,0.9983448772485776,0.9979702691052202,1.0478608478830609,1.045570322439523,1.0451193065690239,1.0447112783892978,1.037431543554086,1.0331991130613116,1.0310909211017212,1.0189676683545104,1.0174337031544258,1.0105716310433164,1.0056519842876264,1.0035466639655393,1.0011836932904938,1.0006873660317712,1.0005952683807082
94,1.05,1.0482336892538708,1.0399047031326836,1.0355788467013378,1.0313192967264013,1.0207024355423722,1.0187435565852065,1.016122023934727,1.0123156403127473,1.0087868230083734,1.0082649873380807,1.0073554423365354,1.0036515587143617,1.0022787593262792,1.0014238064567982,1.0005958807970345,0.9993694056980222,0.999002094764451,1.0479015606332174,1.0456535351406888,1.0452108887582994,1.0448104334999473,1.0376717880946995,1.0335188908162618,1.0314503508825947,1.0195632342640666,1.0180525908352898,1.0112970295447954,1.0064527030166983,1.0043767876649048,1.0020349861335076,1.0015401109621853,1.0014400409293163
