Step,MG1_Cost(Euro),MG2_Cost(Euro),MG3_Cost(Euro),MG4_Cost(Euro),DG_Cost(Euro),Total_System_Cost(Euro),Network_Loss(MW)
0,-0.10551859375000006,-0.17674250000000002,0.16536649999999994,-0.08302796875000007,-0.3603918125000005,-0.5603143750000007,0.07007890767878827
1,-0.19711514999999968,0.0,0.1566372375,-0.18175605000000009,-0.4392223374999994,-0.6614562999999991,0.06801488361836117
2,-0.21371355625,-0.27795888125000007,0.14980708124999995,-0.10057468749999986,-1.0670747062500001,-1.5095147500000001,0.0655227985211577
3,-0.12937215000000016,-0.2849719499999998,0.0,-0.20135415000000004,-1.6418620000000002,-2.25756025,0.06372693190886278
4,-0.7975456499999997,-0.4372987499999999,0.17911061874999998,-0.3659931,-3.538435556249999,-4.960162437499999,0.06067748989332713
5,-0.6694972249999996,-0.35403396875,0.0,-0.22189738750000002,-3.4655404,-4.71096898125,0.06018667258667706
6,-0.5909135562499996,-0.4263244062499998,0.08106513749999993,-0.30078034375,-3.309806193749999,-4.546759362499999,0.059365664860193984
7,-0.4199232187499998,-0.40222831249999974,0.06372152500000001,-0.30646752499999996,-2.855290331249999,-3.920187862499999,0.05931352194937984
8,0.2577195,-0.49826880000000007,0.12781338750000001,-0.19665524999999995,-0.46727385000000016,-0.7766650125000001,0.06078437213705676
9,0.40448731875000016,-0.6939178125000002,0.0,-0.2740332812499999,-1.0631834875,-1.6266472625,0.060433514277032585
10,-0.2911693500000001,-0.6504222000000001,0.045698737500000045,-0.27130575000000007,-2.975911262500001,-4.143109825000001,0.059455914539940445
11,-1.4499759187499999,-0.4306261250000001,0.030547831249999997,-0.3329216937500001,-5.949923568750002,-8.132899475000002,0.05826463094457993
12,-1.6190122624999996,-0.6247778937499997,0.29427768750000033,-0.23220685000000008,-6.8897308,-9.071450118749999,0.058560874648294986
13,-1.1047801312499996,-0.7293345999999998,0.0,-0.24092399375000004,-5.6838017249999995,-7.758840449999999,0.060399904918018846
14,-1.6172260249999997,-0.8141232374999999,0.21857381250000008,-0.35225146874999996,-7.7456716000000005,-10.31069851875,0.060364891542108376
15,-1.5174878187499994,-0.5478470625,0.06821813125000006,-0.2604951250000001,-6.117943387499999,-8.375555262499997,0.06338723483663403
16,-1.7203982999999994,-0.6727657499999999,0.14327830000000003,-0.33438825000000005,-6.7003596000000005,-9.2846336,0.06482958861202749
17,-1.6481303999999994,-0.62800425,0.0,-0.3860878500000001,-7.09926,-9.7614825,0.06702046961445662
18,-1.8610493999999995,-0.5823105000000001,0.045302556250000084,-0.35030265,-7.165478249999999,-9.913838243749998,0.06948856915300591
19,-1.77558078125,-0.6473076562500002,0.10486226875000002,-0.29357156250000016,-6.456871968750002,-9.068469700000001,0.07283646532287072
20,-2.189711875,-0.601714425,0.0,-0.49010357499999996,-7.825186624999999,-11.1067165,0.07490982252072136
21,-2.0929495312499995,-0.6582076562500001,0.23924137500000014,-0.5295462500000001,-8.2673726625,-11.308834724999999,0.07797351312503242
22,-1.9576174999999996,-0.35683546874999994,0.0,-0.36412640625000003,-6.7500200249999995,-9.4285994,0.08338786227807557
23,-2.0028560999999994,-0.3074962500000001,0.0,-0.11810205000000017,-6.475878399999999,-8.904332799999999,0.08802290962256001
24,-1.9671214312499998,-0.00913502500000022,0.1955221875000001,0.009611437499999907,-5.543423031250002,-7.314545862500003,0.09375772671425774
25,-1.8938099375,-0.07004391249999996,0.0,0.05892949999999994,-5.357596200000001,-7.2625205500000005,0.09870164565963066
26,-2.03461378125,-0.10945642499999986,0.0,0.1424432625000001,-5.48103105,-7.48265799375,0.10368993035947038
27,-2.0245912437499998,0.0,0.12889471875000008,0.2273406562500001,-4.17798428125,-5.84634015,0.11014090628993783
28,-1.9820079124999996,-0.6147877999999999,-0.14428727499999988,0.4508176749999999,-6.097965637500001,-8.38823095,0.11399128764339614
29,-1.8475419874999999,-0.7711427624999998,-0.1899973625,0.446357975,-6.3217873125,-8.68411145,0.11939491387370035
30,-1.8867037749999997,-0.9021845249999998,-0.20787621250000002,0.19973099999999996,-8.0487045375,-10.845738050000001,0.12306391626660798
31,-2.0177899499999996,-1.1265108249999998,-0.12370627499999998,0.386744225,-7.980798374999999,-10.8620612,0.12925615864268625
32,-2.1219789249999996,-2.0571750375000004,-0.6210610999999998,0.6685540750000001,-11.248890262500002,-15.38055125,0.13234999645229467
33,-1.8385189625,-1.1169863375000004,-0.5340776374999998,0.07881282499999993,-10.097202637500002,-13.507972750000002,0.13987807741171024
34,-1.9748811499999999,-0.7074380500000007,-0.009803887499999763,-0.17756062499999997,-8.609051137500003,-11.478734850000004,0.1475581757843552
35,-2.1075527,-0.8220111624999997,0.0,-0.12082358750000013,-9.15116235,-12.201549799999999,0.15360211725804127
36,-2.001099375,-2.6054029375,-1.8701933250000002,0.23865065000000016,-18.305019562500007,-24.543064550000008,0.15120403954008726
37,-1.9749922499999997,-2.5158309,-1.9860336374999996,1.5124916625000004,-12.300252524999998,-17.264617649999998,0.16830491649041981
38,-1.8534589499999994,-2.38989279375,-1.7686856249999998,1.0540965750000002,-13.925662162500002,-18.88360295625,0.17179974010830762
39,-1.84282665,-2.4193829625000003,-1.2175414125,0.5664308125000003,-14.551757962500004,-19.465078175000002,0.17548258872472156
40,-1.0292930812499994,-2.5926647249999997,-1.8495651562499993,-0.3347963062499998,-18.2484319875,-24.054751256249997,0.1764810659696659
41,-1.4390319999999999,-2.4676312499999997,-1.264096,-1.2274478750000002,-21.114083512499995,-27.512290637499994,0.17695468423943173
42,-1.697892125,-2.4351542499999996,-0.5972448749999998,-1.4362905000000001,-20.349719774999997,-26.516301524999996,0.1825039023533565
43,0.03689399999999949,-2.3923834999999998,-0.6750239999999995,-1.4537507500000002,-14.919822224999997,-19.404086475,0.19541231416805477
44,-0.4108316249999998,-2.3966007500000006,-1.2912790000000003,-1.725660875,-19.220428425,-25.044800675,0.19649131622020768
45,-1.6878016249999999,-2.4815682500000005,-1.5729533749999995,-1.0241663749999999,-22.329415762499995,-29.095905387499997,0.19964395496000978
46,-1.883328375,-2.4280431250000003,-2.0852707500000003,-1.7320023749999998,-26.8245272625,-34.9531718875,0.19886299478212743
47,-2.0791163749999995,-2.2999433750000002,-2.668903125,-1.9496557499999998,-29.692141462499997,-38.6897600875,0.20093327240062536
48,0.0,-1.8304173750000001,-2.5994133749999997,-1.2050481250000002,-18.5951002875,-24.2299791625,0.2222003200630769
49,-8.881784197001253e-17,-0.2660797500000001,-2.516314375,-1.2118510000000002,-13.1810089125,-17.1752540375,0.23742676106518132
50,-2.19899425,-1.2577441249999999,-2.46322525,-1.1567587500000003,-23.3531838375,-30.4299062125,0.22434440927710586
51,-1.5051213750000003,-1.858497625,-2.508470125,-1.2364983750000003,-23.458338750000003,-30.56692625,0.22581311813869237
52,0.0,-0.4831310000000002,-1.4928808750000007,-0.7449135,-8.979053737500003,-11.699979112500003,0.2509272269130628
53,-2.287357,-0.71986175,-1.2939063750000006,-0.7175505000000001,-16.561629562500002,-21.580305187500002,0.24099517549182897
54,0.0,-0.7111801249999999,-1.267805,-0.766736625,-9.060881775,-11.806603525,0.2532162967705208
55,-1.1993300000000002,-0.7529695000000003,-1.4489107500000005,-0.770648,-13.767132225000001,-17.938990475000004,0.24752689911330356
56,-0.9999072500000001,-0.17132024999999979,-1.26814275,-0.6222233749999999,-10.1032589625,-13.1648525875,0.254599158406029
57,-1.8725606250000002,-0.17495575,-1.0682540000000003,-0.543997875,-12.077235225000003,-15.737003475000003,0.2510732300223162
58,-1.8411063750000005,-0.20058837499999982,0.0,-0.6378218750000001,-8.8424048625,-11.521921487500002,0.2521646408236341
59,0.0,-0.10725637499999988,0.0,-0.6334377500000001,-2.4442906124999997,-3.1849847374999998,0.26039276732777933
60,0.0,-0.20025562499999996,0.0,-0.5143788750000001,-2.35829385,-3.0729283499999998,0.2583822573100261
61,0.0,0.0,0.0,0.1468460000000001,-0.20978000000000013,-0.06293400000000005,0.26227035726550163
62,0.0,0.0,0.0,0.42316023750000054,-0.375,0.048160237500000536,0.26175042798464904
63,-1.135275,0.0,0.0,-0.314526375,-4.7843445375,-6.2341459125,0.24603163816675203
64,-1.8071149999999996,0.49202448750000016,0.0,-0.716441125,-6.008191199999998,-8.039722837499998,0.24115887540338216
65,2.6645352591003756e-16,0.0,0.0,-0.573706875,-1.8932326874999998,-2.4669395624999995,0.24068284828570646
66,-1.2768138750000002,0.0,0.0,-0.46669649999999996,-5.753584237500002,-7.4970946125000015,0.23027555107156344
67,0.0,0.0,0.0,-0.47633837499999976,-1.5719166374999993,-2.048255012499999,0.2305533002305965
68,-1.276466,0.0,-0.15381562499999948,-0.66884725,-6.927125287499998,-9.026254162499999,0.21730668572010153
69,-1.3793778749999999,0.0,0.0,0.28850683750000033,-3.191843324999998,-4.2827143624999975,0.21785519783319296
70,0.0,0.0,0.0,0.38047450000000016,-0.37500000000000006,0.005474500000000104,0.21829288770698213
71,-1.4490073749999999,0.0,0.0,0.3328185875000003,-3.2127224249999986,-4.328911212499998,0.2047678897245609
72,-1.3945170749999998,0.0,0.0,0.5993724625,-1.557154912499999,-2.352299524999999,0.200720524880813
73,-1.1855526250000001,0.0,0.0,1.3638051875000001,-0.37500000000000006,-0.19674743750000007,0.2009302507643987
74,0.609180749999999,0.384673975,0.0,0.9986485250000001,-0.375,1.617503249999999,0.1989978152526466
75,0.0,0.0,0.0,0.08072504999999996,-0.11532149999999995,-0.03459644999999999,0.1804710417061951
76,0.0,1.1837660624999997,0.0,0.11956708750000015,-0.375,0.9283331499999998,0.18427924279611851
77,-0.39163712499999975,1.1506411000000003,0.0,0.8376694375000004,-0.375,1.221673412500001,0.18076078410752366
78,0.0,0.0,0.0,0.31104123750000034,-0.37500000000000006,-0.06395876249999971,0.16083111397953515
79,0.0,0.0,0.0,0.5212094125000003,-0.375,0.1462094125000003,0.1554080118565811
80,0.0,0.7886334750000003,0.0,0.34478832499999956,-0.375,0.7584217999999998,0.15360635972286518
81,0.0,0.4721679375,0.0,0.15638262499999986,-0.375,0.25355056249999985,0.1428948524301434
82,0.0,0.531629525,0.0,0.5872868750000002,-0.375,0.7439164000000003,0.13980804854822937
83,-0.2668863749999996,0.0,0.0,0.9906111250000005,-0.3750000000000001,0.3487247500000007,0.13133495744031398
84,0.0,0.6387448374999999,0.0,0.5825138375000001,-0.375,0.8462586750000001,0.1280100548203858
85,-1.3621077500000003,0.5588242625,0.0,0.5101247375000002,-0.16496224999999987,-0.458121,0.11673615125048183
86,0.0,0.5400036250000001,0.0,0.3986133375,-0.3750000000000001,0.5636169624999999,0.11461692128143657
87,0.0,0.5298038374999999,0.0,0.3778740000000001,-0.375,0.5326778375000001,0.10912983480678896
88,0.0,0.39339072499999994,0.0,0.08683132499999989,-0.37500000000000006,0.10522204999999979,0.10154500705295813
89,0.0,0.31361452500000003,0.0,-0.18407662500000016,-0.2639441249999998,-0.13440622499999993,0.09522097609445206
90,0.0,0.3131526999999999,0.0,-0.1569727499999999,-0.2903882499999999,-0.13420829999999992,0.09105685765543739
91,0.0,0.292488875,0.0,-0.4740213750000001,-0.18539441250000038,-0.3669269125000005,0.08581128932052356
92,0.0,0.37771842499999997,0.0,-0.589426125,-0.16443363750000048,-0.37614133750000056,0.08227591712073855
93,0.0,0.2534330749999999,0.0,-0.6473572500000002,-0.9415230000000011,-1.3354471750000014,0.07806026971814495
94,-1.6916126249999999,0.1817427499999999,0.0,-0.559428125,-6.571647225,-8.640945225,0.07088290959988003
95,-0.10551859375000006,-0.17674250000000002,0.16536649999999994,-0.08302796875000007,-0.3603918125000005,-0.5603143750000007,0.07007890767878827
